season_id,league_id,league_name,age_group,teams
28,105,ליגה ארצית לנוער דרום,נוער,14
28,104,ליגה ארצית לנוער צפון,נוער,14
28,103,ליגה לאומית לנוער דרום,נוער,14
28,102,ליגה לאומית לנוער צפון,נוער,15
28,101,ליגת העל לנוער,נוער,19
28,787,ליגת נוער מפרץ,נוער,15
28,666,ליגת נוער מרכז,נוער,18
28,924,ליגת נוער פיתוח,נוער,8
28,110,ליגת נוער צפון,נוער,16
28,115,ליגת נוער שפלה,נוער,13
28,937,ליגת נערים א' לאומית צפון,נערים א,16
28,123,ליגת נערים א' מרכז,נערים א,14
28,122,ליגת נערים א' צפון,נערים א,12
28,664,ליגת נערים א' שרון,נערים א,11
28,121,נערים א' ארצית דרום,נערים א,16
28,120,נערים א' ארצית צפון,נערים א,16
28,126,נערים א' דרום,נערים א,10
28,936,נערים א' לאומית דרום,נערים א,15
28,726,נערים א' על,נערים א,19
28,135,ליגת נערים ב' דן,נערים ב,10
28,139,ליגת נערים ב' דרום,נערים ב,12
28,131,ליגת נערים ב' מפרץ,נערים ב,12
28,137,ליגת נערים ב' מרכז,נערים ב,12
28,130,ליגת נערים ב' צפון,נערים ב,16
28,134,ליגת נערים ב' שרון,נערים ב,14
28,719,נערים ב' ארצית דרום,נערים ב,12
28,935,נערים ב' ארצית מרכז,נערים ב,12
28,720,נערים ב' ארצית צפון,נערים ב,12
28,934,נערים ב' ארצית שרון,נערים ב,12
28,932,נערים ב' לאומית דרום,נערים ב,17
28,933,נערים ב' לאומית צפון,נערים ב,16
28,773,נערים ב' על,נערים ב,19
28,736,ליגת נערים ג' דן,נערים ג,14
28,663,ליגת נערים ג' דרום,נערים ג,11
28,758,ליגת נערים ג' יזרעאל,נערים ג,14
28,759,ליגת נערים ג' מפרץ,נערים ג,14
28,146,ליגת נערים ג' מרכז,נערים ג,15
28,816,ליגת נערים ג' צפון,נערים ג,13
28,144,ליגת נערים ג' שרון,נערים ג,16
28,845,נערים ג' ארצית דרום,נערים ג,16
28,931,נערים ג' ארצית מרכז,נערים ג,16
28,826,נערים ג' ארצית צפון,נערים ג,16
28,930,נערים ג' ארצית שרון,נערים ג,16
28,928,נערים ג' לאומית דרום,נערים ג,16
28,929,נערים ג' לאומית צפון,נערים ג,17
28,824,נערים ג' על,נערים ג,19
27,871,ליגת ילדים א' גליל עליון,ילדים א,12
27,155,ליגת ילדים א' דן,ילדים א,16
27,734,ליגת ילדים א' דן 1,ילדים א,10
27,870,ליגת ילדים א' דן 2,ילדים א,10
27,648,ליגת ילדים א' דרום,ילדים א,12
27,865,ליגת ילדים א' דרום 2,ילדים א,10
27,764,ליגת ילדים א' חוף,ילדים א,18
27,875,ליגת ילדים א' חוף 1,ילדים א,13
27,876,ליגת ילדים א' חוף 2,ילדים א,10
27,662,ליגת ילדים א' יזרעאל,ילדים א,10
27,862,ליגת ילדים א' מזרח,ילדים א,14
27,152,ליגת ילדים א' מפרץ,ילדים א,10
27,156,ליגת ילדים א' מרכז,ילדים א,20
27,788,ליגת ילדים א' מרכז 1,ילדים א,12
27,150,ליגת ילדים א' צפון,ילדים א,12
27,712,ליגת ילדים א' צפון 1,ילדים א,14
27,872,ליגת ילדים א' צפון 2,ילדים א,13
27,863,ליגת ילדים א' צפון השרון,ילדים א,11
27,158,ליגת ילדים א' שפלה,ילדים א,14
27,154,ליגת ילדים א' שרון,ילדים א,18
27,861,ליגת ילדים א' שרון 1,ילדים א,14
27,880,ליגת ילדים ב' גליל תחתון,ילדים ב,14
27,739,ליגת ילדים ב' דן,ילדים ב,17
27,748,ליגת ילדים ב' דן 1,ילדים ב,14
27,689,ליגת ילדים ב' דן 2,ילדים ב,16
27,852,ליגת ילדים ב' דרום,ילדים ב,14
27,868,ליגת ילדים ב' דרום 2,ילדים ב,12
27,804,ליגת ילדים ב' חוף,ילדים ב,18
27,881,ליגת ילדים ב' חוף 1,ילדים ב,14
27,882,ליגת ילדים ב' חוף 2,ילדים ב,11
27,897,ליגת ילדים ב' חוף 3,ילדים ב,10
27,161,ליגת ילדים ב' מפרץ,ילדים ב,15
27,165,ליגת ילדים ב' מרכז,ילדים ב,20
27,792,ליגת ילדים ב' מרכז 1,ילדים ב,14
27,879,ליגת ילדים ב' מרכז 2,ילדים ב,10
27,160,ליגת ילדים ב' צפון,ילדים ב,10
27,747,ליגת ילדים ב' צפון 1,ילדים ב,13
27,767,ליגת ילדים ב' צפון 2,ילדים ב,12
27,878,ליגת ילדים ב' צפון השרון,ילדים ב,15
27,167,ליגת ילדים ב' שפלה,ילדים ב,16
27,163,ליגת ילדים ב' שרון,ילדים ב,20
27,877,ליגת ילדים ב' שרון 1,ילדים ב,16
27,765,ליגת ילדים ב' שרון 2,ילדים ב,12
27,649,ליגת ילדים ג מפרץ,ילדים ג,14
27,886,ליגת ילדים ג' גליל עליון,ילדים ג,14
27,887,ליגת ילדים ג' גליל תחתון,ילדים ג,13
27,175,ליגת ילדים ג' דן,ילדים ג,20
27,713,ליגת ילדים ג' דן 1,ילדים ג,16
27,769,ליגת ילדים ג' דן 2,ילדים ג,16
27,890,ליגת ילדים ג' דרום,ילדים ג,10
27,888,ליגת ילדים ג' דרום 2,ילדים ג,11
27,770,ליגת ילדים ג' חוף,ילדים ג,14
27,883,ליגת ילדים ג' חוף 1,ילדים ג,14
27,884,ליגת ילדים ג' חוף 2,ילדים ג,14
27,794,ליגת ילדים ג' יזרעאל,ילדים ג,14
27,738,ליגת ילדים ג' מפרץ 1,ילדים ג,14
27,173,ליגת ילדים ג' מרכז,ילדים ג,18
27,793,ליגת ילדים ג' מרכז 1,ילדים ג,14
27,744,ליגת ילדים ג' מרכז 2,ילדים ג,16
27,170,ליגת ילדים ג' צפון,ילדים ג,13
27,172,ליגת ילדים ג' צפון 1,ילדים ג,13
27,885,ליגת ילדים ג' צפון 2,ילדים ג,12
27,891,ליגת ילדים ג' צפון השרון,ילדים ג,14
27,174,ליגת ילדים ג' שפלה,ילדים ג,14
27,661,ליגת ילדים ג' שרון,ילדים ג,22
27,780,ליגת ילדים ג' שרון 1,ילדים ג,15
27,750,ליגת ילדים ג' שרון 2,ילדים ג,10
27,908,ליגת ילדים טרום א' גליל עליון,ילדים טרום א,14
27,182,ליגת ילדים טרום א' דן,ילדים טרום א,17
27,631,ליגת ילדים טרום א' דן 1,ילדים טרום א,15
27,737,ליגת ילדים טרום א' דן 2,ילדים טרום א,10
27,838,ליגת ילדים טרום א' דרום,ילדים טרום א,15
27,771,ליגת ילדים טרום א' חוף,ילדים טרום א,16
27,819,ליגת ילדים טרום א' יזרעאל,ילדים טרום א,15
27,180,ליגת ילדים טרום א' מפרץ,ילדים טרום א,20
27,710,ליגת ילדים טרום א' מפרץ 1,ילדים טרום א,20
27,183,ליגת ילדים טרום א' מרכז,ילדים טרום א,20
27,801,ליגת ילדים טרום א' מרכז 1,ילדים טרום א,16
27,799,ליגת ילדים טרום א' מרכז 2,ילדים טרום א,16
27,840,ליגת ילדים טרום א' צפון,ילדים טרום א,18
27,800,ליגת ילדים טרום א' צפון 1,ילדים טרום א,18
27,904,ליגת ילדים טרום א' צפון השרון,ילדים טרום א,14
27,660,ליגת ילדים טרום א' שומרון,ילדים טרום א,10
27,839,ליגת ילדים טרום א' שפלה,ילדים טרום א,14
27,181,ליגת ילדים טרום א' שרון,ילדים טרום א,20
27,806,ליגת ילדים טרום א' שרון 1,ילדים טרום א,16
27,752,ליגת ילדים טרום א' שרון 2,ילדים טרום א,10
27,640,ליגת ילדים טרום ב' דן,ילדים טרום ב,15
27,722,ליגת ילדים טרום ב' דן 1,ילדים טרום ב,16
27,732,ליגת ילדים טרום ב' דן 2,ילדים טרום ב,14
27,912,ליגת ילדים טרום ב' חוף,ילדים טרום ב,14
27,913,ליגת ילדים טרום ב' חוף 1,ילדים טרום ב,14
27,843,ליגת ילדים טרום ב' יזרעאל,ילדים טרום ב,13
27,798,ליגת ילדים טרום ב' מפרץ,ילדים טרום ב,16
27,659,ליגת ילדים טרום ב' מרכז,ילדים טרום ב,16
27,851,ליגת ילדים טרום ב' מרכז 1,ילדים טרום ב,13
27,657,ליגת ילדים טרום ב' צפון,ילדים טרום ב,10
27,844,ליגת ילדים טרום ב' צפון 1,ילדים טרום ב,16
27,921,ליגת ילדים טרום ב' צפון 2,ילדים טרום ב,10
27,922,ליגת ילדים טרום ב' צפון השרון,ילדים טרום ב,14
27,842,ליגת ילדים טרום ב' שפלה,ילדים טרום ב,14
27,186,ליגת ילדים טרום ב' שרון,ילדים טרום ב,14
27,918,ליגת ילדים טרום ב' שרון 1,ילדים טרום ב,15
27,795,ליגת ילדים טרום ג' מרכז,ילדים טרום ג,27
27,652,ליגת ילדים טרום ג' צפון,ילדים טרום ג,41
27,916,ליגת ילדים טרום ג' צפון 1,ילדים טרום ג,10
27,105,ליגה ארצית לנוער דרום,נוער,14
27,104,ליגה ארצית לנוער צפון,נוער,14
27,103,ליגה לאומית לנוער דרום,נוער,15
27,102,ליגה לאומית לנוער צפון,נוער,15
27,923,ליגת אולמות לנוער,נוער,4
27,101,ליגת העל לנוער,נוער,18
27,920,ליגת נוער יזרעאל/שרון,נוער,15
27,787,ליגת נוער מפרץ,נוער,10
27,666,ליגת נוער מרכז,נוער,16
27,110,ליגת נוער צפון,נוער,11
27,115,ליגת נוער שפלה,נוער,11
27,121,ליגת נערים א' ארצית דרום,נערים א,18
27,120,ליגת נערים א' ארצית צפון,נערים א,18
27,646,ליגת נערים א' דן,נערים א,12
27,755,ליגת נערים א' יזרעאל,נערים א,13
27,123,ליגת נערים א' מרכז,נערים א,15
27,726,ליגת נערים א' על,נערים א,18
27,122,ליגת נערים א' צפון,נערים א,13
27,665,ליגת נערים א' שפלה,נערים א,11
27,664,ליגת נערים א' שרון,נערים א,12
27,719,ליגת נערים ב' ארצית דרום,נערים ב,19
27,720,ליגת נערים ב' ארצית צפון,נערים ב,19
27,135,ליגת נערים ב' דן,נערים ב,13
27,139,ליגת נערים ב' דרום,נערים ב,11
27,706,ליגת נערים ב' יזרעאל,נערים ב,12
27,131,ליגת נערים ב' מפרץ,נערים ב,13
27,137,ליגת נערים ב' מרכז,נערים ב,16
27,773,ליגת נערים ב' על,נערים ב,18
27,130,ליגת נערים ב' צפון,נערים ב,15
27,658,ליגת נערים ב' שפלה,נערים ב,13
27,134,ליגת נערים ב' שרון,נערים ב,16
27,845,ליגת נערים ג' ארצית דרום,נערים ג,19
27,826,ליגת נערים ג' ארצית צפון,נערים ג,19
27,736,ליגת נערים ג' דן,נערים ג,18
27,663,ליגת נערים ג' דרום,נערים ג,15
27,758,ליגת נערים ג' יזרעאל,נערים ג,21
27,759,ליגת נערים ג' מפרץ,נערים ג,23
27,146,ליגת נערים ג' מרכז,נערים ג,17
27,824,ליגת נערים ג' על,נערים ג,18
27,816,ליגת נערים ג' צפון,נערים ג,20
27,707,ליגת נערים ג' שפלה,נערים ג,17
27,144,ליגת נערים ג' שרון,נערים ג,24
26,871,ליגת ילדים א' גליל עליון,ילדים א,14
26,870,ליגת ילדים א' גליל תחתון,ילדים א,14
26,155,ליגת ילדים א' דן,ילדים א,16
26,734,ליגת ילדים א' דן 1,ילדים א,17
26,648,ליגת ילדים א' דרום,ילדים א,10
26,865,ליגת ילדים א' דרום 2,ילדים א,10
26,764,ליגת ילדים א' חוף,ילדים א,16
26,875,ליגת ילדים א' חוף 1,ילדים א,16
26,876,ליגת ילדים א' חוף 2,ילדים א,16
26,862,ליגת ילדים א' מזרח,ילדים א,11
26,152,ליגת ילדים א' מפרץ,ילדים א,13
26,156,ליגת ילדים א' מרכז,ילדים א,16
26,788,ליגת ילדים א' מרכז 1,ילדים א,16
26,150,ליגת ילדים א' צפון,ילדים א,10
26,712,ליגת ילדים א' צפון 1,ילדים א,8
26,872,ליגת ילדים א' צפון 2,ילדים א,12
26,863,ליגת ילדים א' צפון השרון,ילדים א,15
26,158,ליגת ילדים א' שפלה,ילדים א,16
26,154,ליגת ילדים א' שרון,ילדים א,17
26,861,ליגת ילדים א' שרון 1,ילדים א,17
26,879,ליגת ילדים ב' גליל עליון,ילדים ב,12
26,880,ליגת ילדים ב' גליל תחתון,ילדים ב,12
26,739,ליגת ילדים ב' דן,ילדים ב,15
26,748,ליגת ילדים ב' דן 1,ילדים ב,14
26,689,ליגת ילדים ב' דן 2,ילדים ב,14
26,852,ליגת ילדים ב' דרום,ילדים ב,12
26,868,ליגת ילדים ב' דרום 2,ילדים ב,14
26,804,ליגת ילדים ב' חוף,ילדים ב,17
26,881,ליגת ילדים ב' חוף 1,ילדים ב,14
26,882,ליגת ילדים ב' חוף 2,ילדים ב,13
26,897,ליגת ילדים ב' חוף 3,ילדים ב,12
26,161,ליגת ילדים ב' מפרץ,ילדים ב,9
26,165,ליגת ילדים ב' מרכז,ילדים ב,16
26,792,ליגת ילדים ב' מרכז 1,ילדים ב,16
26,160,ליגת ילדים ב' צפון,ילדים ב,12
26,747,ליגת ילדים ב' צפון 1,ילדים ב,10
26,767,ליגת ילדים ב' צפון 2,ילדים ב,13
26,878,ליגת ילדים ב' צפון השרון,ילדים ב,16
26,167,ליגת ילדים ב' שפלה,ילדים ב,18
26,163,ליגת ילדים ב' שרון,ילדים ב,16
26,877,ליגת ילדים ב' שרון 1,ילדים ב,12
26,765,ליגת ילדים ב' שרון 2,ילדים ב,10
26,649,ליגת ילדים ג מפרץ,ילדים ג,12
26,886,ליגת ילדים ג' גליל עליון,ילדים ג,15
26,887,ליגת ילדים ג' גליל תחתון,ילדים ג,14
26,175,ליגת ילדים ג' דן,ילדים ג,16
26,713,ליגת ילדים ג' דן 1,ילדים ג,12
26,769,ליגת ילדים ג' דן 2,ילדים ג,14
26,890,ליגת ילדים ג' דרום,ילדים ג,14
26,888,ליגת ילדים ג' דרום 2,ילדים ג,12
26,770,ליגת ילדים ג' חוף,ילדים ג,34
26,884,ליגת ילדים ג' חוף 2,ילדים ג,42
26,889,ליגת ילדים ג' מזרח,ילדים ג,8
26,173,ליגת ילדים ג' מרכז,ילדים ג,16
26,793,ליגת ילדים ג' מרכז 1,ילדים ג,10
26,744,ליגת ילדים ג' מרכז 2,ילדים ג,10
26,170,ליגת ילדים ג' צפון,ילדים ג,10
26,172,ליגת ילדים ג' צפון 1,ילדים ג,11
26,885,ליגת ילדים ג' צפון 2,ילדים ג,13
26,891,ליגת ילדים ג' צפון השרון,ילדים ג,22
26,174,ליגת ילדים ג' שפלה,ילדים ג,10
26,892,ליגת ילדים ג' שפלה 2,ילדים ג,12
26,661,ליגת ילדים ג' שרון,ילדים ג,16
26,780,ליגת ילדים ג' שרון 1,ילדים ג,18
26,182,ליגת ילדים טרום א' דן,ילדים טרום א,24
26,631,ליגת ילדים טרום א' דן 1,ילדים טרום א,16
26,838,ליגת ילדים טרום א' דרום,ילדים טרום א,17
26,819,ליגת ילדים טרום א' יזרעאל,ילדים טרום א,21
26,180,ליגת ילדים טרום א' מפרץ,ילדים טרום א,32
26,710,ליגת ילדים טרום א' מפרץ 1,ילדים טרום א,20
26,183,ליגת ילדים טרום א' מרכז,ילדים טרום א,18
26,801,ליגת ילדים טרום א' מרכז 1,ילדים טרום א,24
26,840,ליגת ילדים טרום א' צפון,ילדים טרום א,29
26,800,ליגת ילדים טרום א' צפון 1,ילדים טרום א,28
26,839,ליגת ילדים טרום א' שפלה,ילדים טרום א,14
26,181,ליגת ילדים טרום א' שרון,ילדים טרום א,18
26,806,ליגת ילדים טרום א' שרון 1,ילדים טרום א,20
26,752,ליגת ילדים טרום א' שרון 2,ילדים טרום א,20
26,640,ליגת ילדים טרום ב' דן,ילדים טרום ב,28
26,843,ליגת ילדים טרום ב' יזרעאל,ילדים טרום ב,23
26,798,ליגת ילדים טרום ב' מפרץ,ילדים טרום ב,31
26,659,ליגת ילדים טרום ב' מרכז,ילדים טרום ב,18
26,851,ליגת ילדים טרום ב' מרכז 1,ילדים טרום ב,18
26,657,ליגת ילדים טרום ב' צפון,ילדים טרום ב,29
26,842,ליגת ילדים טרום ב' שפלה,ילדים טרום ב,14
26,186,ליגת ילדים טרום ב' שרון,ילדים טרום ב,12
26,918,ליגת ילדים טרום ב' שרון 1,ילדים טרום ב,20
26,795,ליגת ילדים טרום ג' מרכז,ילדים טרום ג,24
26,652,ליגת ילדים טרום ג' צפון,ילדים טרום ג,18
26,916,ליגת ילדים טרום ג' צפון 1,ילדים טרום ג,21
26,105,ליגה ארצית לנוער דרום,נוער,14
26,104,ליגה ארצית לנוער צפון,נוער,14
26,103,ליגה לאומית לנוער דרום,נוער,15
26,102,ליגה לאומית לנוער צפון,נוער,15
26,101,ליגת העל לנוער,נוער,18
26,112,ליגת נוער יזרעאל,נוער,9
26,787,ליגת נוער מפרץ,נוער,11
26,666,ליגת נוער מרכז,נוער,16
26,110,ליגת נוער צפון,נוער,13
26,115,ליגת נוער שפלה,נוער,16
26,114,ליגת נוער שרון,נוער,12
26,121,ליגת נערים א' ארצית דרום,נערים א,17
26,120,ליגת נערים א' ארצית צפון,נערים א,18
26,646,ליגת נערים א' דן,נערים א,11
26,755,ליגת נערים א' יזרעאל,נערים א,11
26,123,ליגת נערים א' מרכז,נערים א,10
26,726,ליגת נערים א' על,נערים א,18
26,122,ליגת נערים א' צפון,נערים א,19
26,665,ליגת נערים א' שפלה,נערים א,12
26,664,ליגת נערים א' שרון,נערים א,15
26,719,ליגת נערים ב' ארצית דרום,נערים ב,19
26,720,ליגת נערים ב' ארצית צפון,נערים ב,19
26,135,ליגת נערים ב' דן,נערים ב,16
26,139,ליגת נערים ב' דרום,נערים ב,11
26,706,ליגת נערים ב' יזרעאל,נערים ב,14
26,131,ליגת נערים ב' מפרץ,נערים ב,17
26,137,ליגת נערים ב' מרכז,נערים ב,16
26,773,ליגת נערים ב' על,נערים ב,18
26,130,ליגת נערים ב' צפון,נערים ב,18
26,658,ליגת נערים ב' שפלה,נערים ב,11
26,134,ליגת נערים ב' שרון,נערים ב,19
26,845,ליגת נערים ג' ארצית דרום,נערים ג,19
26,826,ליגת נערים ג' ארצית צפון,נערים ג,19
26,736,ליגת נערים ג' דן,נערים ג,19
26,663,ליגת נערים ג' דרום,נערים ג,15
26,758,ליגת נערים ג' יזרעאל,נערים ג,22
26,759,ליגת נערים ג' מפרץ,נערים ג,19
26,146,ליגת נערים ג' מרכז,נערים ג,17
26,824,ליגת נערים ג' על,נערים ג,18
26,816,ליגת נערים ג' צפון,נערים ג,24
26,707,ליגת נערים ג' שפלה,נערים ג,20
26,144,ליגת נערים ג' שרון,נערים ג,22
25,827,ליגת ילדים א' דרג 1,ילדים א,43
25,828,ליגת ילדים א' דרג 2 - דרום,ילדים א,30
25,829,ליגת ילדים א' דרג 2 - צפון,ילדים א,28
25,662,ליגת ילדים א' יזרעאל,ילדים א,14
25,152,ליגת ילדים א' מפרץ,ילדים א,24
25,156,ליגת ילדים א' מרכז,ילדים א,30
25,788,ליגת ילדים א' מרכז 1,ילדים א,13
25,150,ליגת ילדים א' צפון,ילדים א,22
25,648,ליגת ילדים א' שומרון,ילדים א,14
25,158,ליגת ילדים א' שפלה,ילדים א,15
25,154,ליגת ילדים א' שרון,ילדים א,20
25,830,ליגת ילדים ב' דרג 1,ילדים ב,38
25,832,ליגת ילדים ב' דרג 2 - דרום,ילדים ב,35
25,831,ליגת ילדים ב' דרג 2 - צפון,ילדים ב,30
25,841,ליגת ילדים ב' יזרעאל,ילדים ב,21
25,161,ליגת ילדים ב' מפרץ,ילדים ב,28
25,165,ליגת ילדים ב' מרכז,ילדים ב,31
25,792,ליגת ילדים ב' מרכז 1,ילדים ב,23
25,160,ליגת ילדים ב' צפון,ילדים ב,18
25,748,ליגת ילדים ב' שומרון,ילדים ב,16
25,167,ליגת ילדים ב' שפלה,ילדים ב,15
25,163,ליגת ילדים ב' שרון,ילדים ב,23
25,649,ליגת ילדים ג מפרץ,ילדים ג,30
25,833,ליגת ילדים ג' דרג 1,ילדים ג,33
25,834,ליגת ילדים ג' דרג 2 - דרום,ילדים ג,33
25,835,ליגת ילדים ג' דרג 2 - צפון,ילדים ג,38
25,794,ליגת ילדים ג' יזרעאל,ילדים ג,17
25,173,ליגת ילדים ג' מרכז,ילדים ג,34
25,793,ליגת ילדים ג' מרכז 1,ילדים ג,17
25,170,ליגת ילדים ג' צפון,ילדים ג,23
25,694,ליגת ילדים ג' שומרון,ילדים ג,24
25,174,ליגת ילדים ג' שפלה,ילדים ג,14
25,661,ליגת ילדים ג' שרון,ילדים ג,23
25,836,ליגת ילדים טרום א' דרג 1,ילדים טרום א,30
25,838,ליגת ילדים טרום א' דרג 2 - דרום,ילדים טרום א,31
25,837,ליגת ילדים טרום א' דרג 2 - צפון,ילדים טרום א,28
25,819,ליגת ילדים טרום א' יזרעאל,ילדים טרום א,15
25,180,ליגת ילדים טרום א' מפרץ,ילדים טרום א,25
25,183,ליגת ילדים טרום א' מרכז,ילדים טרום א,38
25,840,ליגת ילדים טרום א' צפון,ילדים טרום א,23
25,660,ליגת ילדים טרום א' שומרון,ילדים טרום א,19
25,839,ליגת ילדים טרום א' שפלה,ילדים טרום א,24
25,181,ליגת ילדים טרום א' שרון,ילדים טרום א,25
25,640,ליגת ילדים טרום ב' דן,ילדים טרום ב,16
25,722,ליגת ילדים טרום ב' דן 1,ילדים טרום ב,28
25,843,ליגת ילדים טרום ב' יזרעאל,ילדים טרום ב,11
25,798,ליגת ילדים טרום ב' מפרץ,ילדים טרום ב,37
25,659,ליגת ילדים טרום ב' מרכז,ילדים טרום ב,28
25,657,ליגת ילדים טרום ב' צפון,ילדים טרום ב,17
25,796,ליגת ילדים טרום ב' שומרון,ילדים טרום ב,16
25,842,ליגת ילדים טרום ב' שפלה,ילדים טרום ב,8
25,186,ליגת ילדים טרום ב' שרון,ילדים טרום ב,26
25,795,ליגת ילדים טרום ג' מרכז,ילדים טרום ג,23
25,652,ליגת ילדים טרום ג' צפון,ילדים טרום ג,27
25,105,ליגה ארצית לנוער דרום,נוער,14
25,104,ליגה ארצית לנוער צפון,נוער,14
25,103,ליגה לאומית לנוער דרום,נוער,14
25,102,ליגה לאומית לנוער צפון,נוער,14
25,101,ליגת העל לנוער,נוער,16
25,787,ליגת נוער מפרץ,נוער,12
25,666,ליגת נוער מרכז,נוער,17
25,110,ליגת נוער צפון,נוער,12
25,116,ליגת נוער צפון 1,נוער,12
25,115,ליגת נוער שפלה,נוער,13
25,114,ליגת נוער שרון,נוער,12
25,121,ליגת נערים א' ארצית דרום,נערים א,15
25,120,ליגת נערים א' ארצית צפון,נערים א,16
25,646,ליגת נערים א' דן,נערים א,12
25,755,ליגת נערים א' יזרעאל,נערים א,14
25,123,ליגת נערים א' מרכז,נערים א,10
25,726,ליגת נערים א' על,נערים א,16
25,122,ליגת נערים א' צפון,נערים א,14
25,665,ליגת נערים א' שפלה,נערים א,14
25,664,ליגת נערים א' שרון,נערים א,12
25,719,ליגת נערים ב' ארצית דרום,נערים ב,16
25,720,ליגת נערים ב' ארצית צפון,נערים ב,16
25,135,ליגת נערים ב' דן,נערים ב,16
25,706,ליגת נערים ב' יזרעאל,נערים ב,14
25,131,ליגת נערים ב' מפרץ,נערים ב,14
25,137,ליגת נערים ב' מרכז,נערים ב,16
25,773,ליגת נערים ב' על,נערים ב,16
25,130,ליגת נערים ב' צפון,נערים ב,12
25,814,ליגת נערים ב' צפון 1,נערים ב,13
25,658,ליגת נערים ב' שפלה,נערים ב,16
25,134,ליגת נערים ב' שרון,נערים ב,16
25,663,ליגת נערים ג' דרום,נערים ג,11
25,758,ליגת נערים ג' יזרעאל,נערים ג,10
25,759,ליגת נערים ג' מפרץ,נערים ג,12
25,146,ליגת נערים ג' מרכז,נערים ג,26
25,816,ליגת נערים ג' צפון,נערים ג,17
25,144,ליגת נערים ג' שרון,נערים ג,21
25,824,נערים ג' דרג 1,נערים ג,41
25,845,נערים ג' דרג 2 - דרום,נערים ג,30
25,826,נערים ג' דרג 2 - צפון,נערים ג,26
24,155,ליגת ילדים א' דן,ילדים א,11
24,764,ליגת ילדים א' חוף,ילדים א,27
24,662,ליגת ילדים א' יזרעאל,ילדים א,13
24,152,ליגת ילדים א' מפרץ,ילדים א,12
24,156,ליגת ילדים א' מרכז,ילדים א,44
24,788,ליגת ילדים א' מרכז 1,ילדים א,24
24,695,ליגת ילדים א' מרכז 2,ילדים א,28
24,150,ליגת ילדים א' צפון,ילדים א,23
24,648,ליגת ילדים א' שומרון,ילדים א,12
24,158,ליגת ילדים א' שפלה,ילדים א,15
24,154,ליגת ילדים א' שרון,ילדים א,13
24,739,ליגת ילדים ב' דן,ילדים ב,9
24,804,ליגת ילדים ב' חוף,ילדים ב,34
24,161,ליגת ילדים ב' מפרץ,ילדים ב,27
24,165,ליגת ילדים ב' מרכז,ילדים ב,38
24,792,ליגת ילדים ב' מרכז 1,ילדים ב,32
24,164,ליגת ילדים ב' מרכז 2,ילדים ב,31
24,160,ליגת ילדים ב' צפון,ילדים ב,14
24,747,ליגת ילדים ב' צפון 1,ילדים ב,10
24,767,ליגת ילדים ב' צפון 2,ילדים ב,14
24,748,ליגת ילדים ב' שומרון,ילדים ב,12
24,167,ליגת ילדים ב' שפלה,ילדים ב,21
24,163,ליגת ילדים ב' שרון,ילדים ב,16
24,649,ליגת ילדים ג מפרץ,ילדים ג,22
24,175,ליגת ילדים ג' דן,ילדים ג,18
24,770,ליגת ילדים ג' חוף,ילדים ג,14
24,794,ליגת ילדים ג' יזרעאל,ילדים ג,20
24,738,ליגת ילדים ג' מפרץ 1,ילדים ג,18
24,173,ליגת ילדים ג' מרכז,ילדים ג,34
24,793,ליגת ילדים ג' מרכז 1,ילדים ג,25
24,744,ליגת ילדים ג' מרכז 2,ילדים ג,29
24,172,ליגת ילדים ג' צפון 1,ילדים ג,22
24,694,ליגת ילדים ג' שומרון,ילדים ג,20
24,174,ליגת ילדים ג' שפלה,ילדים ג,15
24,661,ליגת ילדים ג' שרון,ילדים ג,20
24,182,ליגה ילדים טרום א' דן,ילדים טרום א,15
24,631,ליגת ילדים טרום א' דן 1,ילדים טרום א,14
24,737,ליגת ילדים טרום א' דן 2,ילדים טרום א,11
24,771,ליגת ילדים טרום א' חוף,ילדים טרום א,17
24,818,ליגת ילדים טרום א' חוף 1,ילדים טרום א,14
24,819,ליגת ילדים טרום א' יזרעאל,ילדים טרום א,10
24,180,ליגת ילדים טרום א' מפרץ,ילדים טרום א,19
24,183,ליגת ילדים טרום א' מרכז,ילדים טרום א,18
24,801,ליגת ילדים טרום א' מרכז 1,ילדים טרום א,13
24,799,ליגת ילדים טרום א' מרכז 2,ילדים טרום א,18
24,800,ליגת ילדים טרום א' צפון 1,ילדים טרום א,15
24,660,ליגת ילדים טרום א' שומרון,ילדים טרום א,18
24,181,ליגת ילדים טרום א' שרון,ילדים טרום א,14
24,806,ליגת ילדים טרום א' שרון 1,ילדים טרום א,20
24,640,ליגת ילדים טרום ב' דן,ילדים טרום ב,14
24,722,ליגת ילדים טרום ב' דן 1,ילדים טרום ב,25
24,798,ליגת ילדים טרום ב' מפרץ,ילדים טרום ב,25
24,659,ליגת ילדים טרום ב' מרכז,ילדים טרום ב,20
24,797,ליגת ילדים טרום ב' מרכז 2,ילדים טרום ב,13
24,657,ליגת ילדים טרום ב' צפון,ילדים טרום ב,14
24,796,ליגת ילדים טרום ב' שומרון,ילדים טרום ב,9
24,186,ליגת ילדים טרום ב' שרון,ילדים טרום ב,20
24,795,ליגת ילדים טרום ג' מרכז,ילדים טרום ג,19
24,652,ליגת ילדים טרום ג' צפון,ילדים טרום ג,16
24,105,ליגה ארצית לנוער דרום,נוער,13
24,104,ליגה ארצית לנוער צפון,נוער,14
24,103,ליגה לאומית לנוער דרום,נוער,14
24,102,ליגה לאומית לנוער צפון,נוער,14
24,101,ליגת העל לנוער,נוער,16
24,787,ליגת נוער מפרץ,נוער,11
24,666,ליגת נוער מרכז,נוער,16
24,110,ליגת נוער צפון,נוער,12
24,116,ליגת נוער צפון 1,נוער,10
24,115,ליגת נוער שפלה,נוער,15
24,114,ליגת נוער שרון,נוער,10
24,121,ליגת נערים א' ארצית דרום,נערים א,16
24,120,ליגת נערים א' ארצית צפון,נערים א,16
24,646,ליגת נערים א' דן,נערים א,10
24,755,ליגת נערים א' יזרעאל,נערים א,12
24,123,ליגת נערים א' מרכז,נערים א,10
24,726,ליגת נערים א' על,נערים א,16
24,122,ליגת נערים א' צפון,נערים א,12
24,665,ליגת נערים א' שפלה,נערים א,12
24,664,ליגת נערים א' שרון,נערים א,12
24,719,ליגת נערים ב' ארצית דרום,נערים ב,16
24,720,ליגת נערים ב' ארצית צפון,נערים ב,16
24,135,ליגת נערים ב' דן,נערים ב,16
24,706,ליגת נערים ב' יזרעאל,נערים ב,14
24,131,ליגת נערים ב' מפרץ,נערים ב,13
24,137,ליגת נערים ב' מרכז,נערים ב,15
24,773,ליגת נערים ב' על,נערים ב,16
24,130,ליגת נערים ב' צפון,נערים ב,14
24,814,ליגת נערים ב' צפון 1,נערים ב,14
24,658,ליגת נערים ב' שפלה,נערים ב,15
24,134,ליגת נערים ב' שרון,נערים ב,14
24,736,ליגת נערים ג' דן,נערים ג,11
24,707,ליגת נערים ג' דן 1,נערים ג,13
24,817,ליגת נערים ג' דן 2,נערים ג,11
24,663,ליגת נערים ג' דרום,נערים ג,11
24,147,ליגת נערים ג' חוף,נערים ג,13
24,758,ליגת נערים ג' יזרעאל,נערים ג,11
24,759,ליגת נערים ג' מפרץ,נערים ג,11
24,146,ליגת נערים ג' מרכז,נערים ג,17
24,786,ליגת נערים ג' מרכז 1,נערים ג,17
24,761,ליגת נערים ג' מרכז 2,נערים ג,12
24,816,ליגת נערים ג' צפון,נערים ג,12
24,708,ליגת נערים ג' צפון 1,נערים ג,12
24,144,ליגת נערים ג' שרון,נערים ג,9
24,760,ליגת נערים ג' שרון 1,נערים ג,12
23,155,ליגת ילדים א' דן,ילדים א,12
23,734,ליגת ילדים א' דן 1,ילדים א,14
23,768,ליגת ילדים א' דן 2,ילדים א,14
23,648,ליגת ילדים א' דרום,ילדים א,9
23,764,ליגת ילדים א' חוף,ילדים א,16
23,662,ליגת ילדים א' יזרעאל,ילדים א,11
23,152,ליגת ילדים א' מפרץ,ילדים א,12
23,711,ליגת ילדים א' מפרץ 1,ילדים א,12
23,156,ליגת ילדים א' מרכז,ילדים א,14
23,788,ליגת ילדים א' מרכז 1,ילדים א,14
23,695,ליגת ילדים א' מרכז 2,ילדים א,14
23,150,ליגת ילדים א' צפון,ילדים א,13
23,712,ליגת ילדים א' צפון 1,ילדים א,15
23,158,ליגת ילדים א' שפלה,ילדים א,14
23,154,ליגת ילדים א' שרון,ילדים א,14
23,696,ליגת ילדים א' שרון 2,ילדים א,13
23,739,ליגה ילדים ב' דן,ילדים ב,11
23,747,ליגה ילדים ב' צפון 1,ילדים ב,13
23,160,ליגה לילדים ב' צפון,ילדים ב,14
23,748,ליגת ילדים ב' דן 1,ילדים ב,13
23,689,ליגת ילדים ב' דן 2,ילדים ב,12
23,791,ליגת ילדים ב' דן 3,ילדים ב,12
23,804,ליגת ילדים ב' חוף,ילדים ב,14
23,161,ליגת ילדים ב' מפרץ,ילדים ב,12
23,697,ליגת ילדים ב' מפרץ 2,ילדים ב,13
23,165,ליגת ילדים ב' מרכז,ילדים ב,14
23,792,ליגת ילדים ב' מרכז 1,ילדים ב,12
23,164,ליגת ילדים ב' מרכז 2,ילדים ב,14
23,767,ליגת ילדים ב' צפון 2,ילדים ב,13
23,167,ליגת ילדים ב' שפלה,ילדים ב,9
23,163,ליגת ילדים ב' שרון,ילדים ב,14
23,765,ליגת ילדים ב' שרון 2,ילדים ב,14
23,770,ילדים ג חוף,ילדים ג,16
23,769,ליגה ילדים ג' דן 2,ילדים ג,15
23,744,ליגה ילדים ג' מרכז 2,ילדים ג,14
23,174,ליגה ילדים ג' שפלה,ילדים ג,8
23,750,ליגה ילדים ג' שרון 2,ילדים ג,11
23,649,ליגת ילדים ג מפרץ,ילדים ג,13
23,175,ליגת ילדים ג' דן,ילדים ג,13
23,713,ליגת ילדים ג' דן 1,ילדים ג,14
23,794,ליגת ילדים ג' יזרעאל,ילדים ג,15
23,738,ליגת ילדים ג' מפרץ 1,ילדים ג,11
23,173,ליגת ילדים ג' מרכז,ילדים ג,14
23,793,ליגת ילדים ג' מרכז 1,ילדים ג,14
23,170,ליגת ילדים ג' צפון,ילדים ג,16
23,172,ליגת ילדים ג' צפון 1,ילדים ג,9
23,694,ליגת ילדים ג' שומרון,ילדים ג,14
23,661,ליגת ילדים ג' שרון,ילדים ג,12
23,780,ליגת ילדים ג' שרון 1,ילדים ג,12
23,182,ליגה ילדים טרום א' דן,ילדים טרום א,14
23,737,ליגה ילדים טרום א' דן 2,ילדים טרום א,9
23,771,ליגה ילדים טרום א' חוף,ילדים טרום א,14
23,710,ליגה ילדים טרום א' מפרץ 1,ילדים טרום א,10
23,752,ליגה ילדים טרום א' שרון 2,ילדים טרום א,14
23,631,ליגת ילדים טרום א' דן 1,ילדים טרום א,12
23,180,ליגת ילדים טרום א' מפרץ,ילדים טרום א,14
23,183,ליגת ילדים טרום א' מרכז,ילדים טרום א,14
23,801,ליגת ילדים טרום א' מרכז 1,ילדים טרום א,12
23,799,ליגת ילדים טרום א' מרכז 2,ילדים טרום א,13
23,800,ליגת ילדים טרום א' צפון 1,ילדים טרום א,12
23,805,ליגת ילדים טרום א' צפון 2,ילדים טרום א,12
23,660,ליגת ילדים טרום א' שומרון,ילדים טרום א,11
23,181,ליגת ילדים טרום א' שרון,ילדים טרום א,10
23,806,ליגת ילדים טרום א' שרון 1,ילדים טרום א,11
23,640,ליגת ילדים טרום ב' דן,ילדים טרום ב,14
23,722,ליגת ילדים טרום ב' דן 1,ילדים טרום ב,10
23,798,ליגת ילדים טרום ב' מפרץ,ילדים טרום ב,13
23,659,ליגת ילדים טרום ב' מרכז,ילדים טרום ב,12
23,797,ליגת ילדים טרום ב' מרכז 2,ילדים טרום ב,13
23,657,ליגת ילדים טרום ב' צפון,ילדים טרום ב,11
23,186,ליגת ילדים טרום ב' שרון,ילדים טרום ב,10
23,796,ליגת ילדים טרום ב' שרון 2,ילדים טרום ב,11
23,715,ליגה ילדים טרום ג' דרום,ילדים טרום ג,16
23,652,ליגת ילדים טרום ג' צפון,ילדים טרום ג,16
23,105,ליגה ארצית לנוער דרום,נוער,15
23,104,ליגה ארצית לנוער צפון,נוער,15
23,103,ליגה לאומית לנוער דרום,נוער,15
23,102,ליגה לאומית לנוער צפון,נוער,15
23,101,ליגת העל לנוער,נוער,18
23,787,ליגת נוער מפרץ,נוער,14
23,666,ליגת נוער מרכז,נוער,14
23,110,ליגת נוער צפון,נוער,10
23,116,ליגת נוער צפון 1,נוער,13
23,115,ליגת נוער שפלה,נוער,14
23,114,ליגת נוער שרון,נוער,12
23,121,ליגת נערים א' ארצית דרום,נערים א,17
23,120,ליגת נערים א' ארצית צפון,נערים א,18
23,755,ליגת נערים א' יזרעאל,נערים א,10
23,123,ליגת נערים א' מרכז,נערים א,14
23,726,ליגת נערים א' על,נערים א,18
23,122,ליגת נערים א' צפון,נערים א,14
23,665,ליגת נערים א' שפלה,נערים א,13
23,664,ליגת נערים א' שרון,נערים א,14
23,719,ליגת נערים ב' ארצית דרום,נערים ב,19
23,720,ליגת נערים ב' ארצית צפון,נערים ב,18
23,706,ליגת נערים ב' כרמל,נערים ב,16
23,131,ליגת נערים ב' מפרץ,נערים ב,14
23,137,ליגת נערים ב' מרכז,נערים ב,16
23,773,ליגת נערים ב' על,נערים ב,18
23,130,ליגת נערים ב' צפון,נערים ב,14
23,658,ליגת נערים ב' שפלה,נערים ב,16
23,134,ליגת נערים ב' שרון,נערים ב,16
23,736,ליגת נערים ג' דן,נערים ג,15
23,707,ליגת נערים ג' דן 1,נערים ג,15
23,147,ליגת נערים ג' חוף,נערים ג,16
23,758,ליגת נערים ג' יזרעאל,נערים ג,15
23,759,ליגת נערים ג' מפרץ 1,נערים ג,11
23,146,ליגת נערים ג' מרכז,נערים ג,14
23,786,ליגת נערים ג' מרכז 1,נערים ג,14
23,761,ליגת נערים ג' מרכז 2,נערים ג,14
23,708,ליגת נערים ג' צפון 1,נערים ג,14
23,663,ליגת נערים ג' שפלה,נערים ג,9
23,144,ליגת נערים ג' שרון,נערים ג,14
23,760,ליגת נערים ג' שרון 2,נערים ג,13
22,155,ליגת ילדים א' דן,ילדים א,12
22,734,ליגת ילדים א' דן 1,ילדים א,13
22,768,ליגת ילדים א' דן 2,ילדים א,14
22,648,ליגת ילדים א' דרום,ילדים א,11
22,764,ליגת ילדים א' חוף,ילדים א,14
22,152,ליגת ילדים א' מפרץ,ילדים א,12
22,711,ליגת ילדים א' מפרץ 1,ילדים א,15
22,156,ליגת ילדים א' מרכז,ילדים א,14
22,788,ליגת ילדים א' מרכז 1,ילדים א,12
22,695,ליגת ילדים א' מרכז 2,ילדים א,13
22,150,ליגת ילדים א' צפון,ילדים א,13
22,712,ליגת ילדים א' צפון 1,ילדים א,14
22,158,ליגת ילדים א' שפלה,ילדים א,13
22,154,ליגת ילדים א' שרון,ילדים א,12
22,696,ליגת ילדים א' שרון 2,ילדים א,12
22,739,ליגה ילדים ב' דן,ילדים ב,13
22,747,ליגה ילדים ב' צפון 1,ילדים ב,14
22,160,ליגה לילדים ב' צפון,ילדים ב,14
22,748,ליגת ילדים ב' דן 1,ילדים ב,14
22,689,ליגת ילדים ב' דן 2,ילדים ב,13
22,791,ליגת ילדים ב' דן 3,ילדים ב,14
22,161,ליגת ילדים ב' מפרץ,ילדים ב,10
22,766,ליגת ילדים ב' מפרץ 1,ילדים ב,14
22,697,ליגת ילדים ב' מפרץ 2,ילדים ב,12
22,165,ליגת ילדים ב' מרכז,ילדים ב,12
22,792,ליגת ילדים ב' מרכז 1,ילדים ב,12
22,164,ליגת ילדים ב' מרכז 2,ילדים ב,14
22,767,ליגת ילדים ב' צפון 2,ילדים ב,13
22,167,ליגת ילדים ב' שפלה,ילדים ב,11
22,163,ליגת ילדים ב' שרון,ילדים ב,12
22,765,ליגת ילדים ב' שרון 2,ילדים ב,12
22,770,ילדים ג חוף,ילדים ג,14
22,769,ליגה ילדים ג' דן 2,ילדים ג,12
22,744,ליגה ילדים ג' מרכז 2,ילדים ג,14
22,174,ליגה ילדים ג' שפלה,ילדים ג,10
22,750,ליגה ילדים ג' שרון 2,ילדים ג,14
22,649,ליגת ילדים ג מפרץ,ילדים ג,11
22,175,ליגת ילדים ג' דן,ילדים ג,12
22,713,ליגת ילדים ג' דן 1,ילדים ג,12
22,794,ליגת ילדים ג' יזרעאל,ילדים ג,12
22,738,ליגת ילדים ג' מפרץ 1,ילדים ג,12
22,173,ליגת ילדים ג' מרכז,ילדים ג,12
22,793,ליגת ילדים ג' מרכז 1,ילדים ג,12
22,170,ליגת ילדים ג' צפון,ילדים ג,9
22,172,ליגת ילדים ג' צפון 1,ילדים ג,14
22,694,ליגת ילדים ג' שומרון,ילדים ג,13
22,661,ליגת ילדים ג' שרון,ילדים ג,12
22,780,ליגת ילדים ג' שרון 1,ילדים ג,11
22,182,ליגה ילדים טרום א' דן,ילדים טרום א,14
22,737,ליגה ילדים טרום א' דן 2,ילדים טרום א,10
22,771,ליגה ילדים טרום א' חוף,ילדים טרום א,12
22,710,ליגה ילדים טרום א' מפרץ 1,ילדים טרום א,11
22,752,ליגה ילדים טרום א' שרון 2,ילדים טרום א,14
22,631,ליגת ילדים טרום א' דן 1,ילדים טרום א,14
22,180,ליגת ילדים טרום א' מפרץ,ילדים טרום א,12
22,183,ליגת ילדים טרום א' מרכז,ילדים טרום א,12
22,801,ליגת ילדים טרום א' מרכז 1,ילדים טרום א,12
22,799,ליגת ילדים טרום א' מרכז 2,ילדים טרום א,12
22,800,ליגת ילדים טרום א' צפון 1,ילדים טרום א,12
22,660,ליגת ילדים טרום א' שומרון,ילדים טרום א,10
22,181,ליגת ילדים טרום א' שרון,ילדים טרום א,12
22,640,ליגת ילדים טרום ב' דן,ילדים טרום ב,10
22,722,ליגת ילדים טרום ב' דן 1,ילדים טרום ב,10
22,798,ליגת ילדים טרום ב' מפרץ,ילדים טרום ב,10
22,659,ליגת ילדים טרום ב' מרכז,ילדים טרום ב,12
22,797,ליגת ילדים טרום ב' מרכז 2,ילדים טרום ב,12
22,657,ליגת ילדים טרום ב' צפון,ילדים טרום ב,13
22,186,ליגת ילדים טרום ב' שרון,ילדים טרום ב,11
22,796,ליגת ילדים טרום ב' שרון 2,ילדים טרום ב,8
22,715,ליגה ילדים טרום ג' דרום,ילדים טרום ג,6
22,795,ליגת ילדים טרום ג' מרכז,ילדים טרום ג,10
22,652,ליגת ילדים טרום ג' צפון,ילדים טרום ג,6
22,105,ליגה ארצית לנוער דרום,נוער,15
22,104,ליגה ארצית לנוער צפון,נוער,15
22,103,ליגה לאומית לנוער דרום,נוער,15
22,102,ליגה לאומית לנוער צפון,נוער,15
22,101,ליגת העל לנוער,נוער,18
22,787,ליגת נוער מפרץ,נוער,11
22,666,ליגת נוער מרכז,נוער,16
22,110,ליגת נוער צפון,נוער,11
22,116,ליגת נוער צפון 1,נוער,12
22,115,ליגת נוער שפלה,נוער,12
22,114,ליגת נוער שרון,נוער,12
22,121,ליגת נערים א' ארצית דרום,נערים א,18
22,120,ליגת נערים א' ארצית צפון,נערים א,18
22,755,ליגת נערים א' יזרעאל,נערים א,10
22,123,ליגת נערים א' מרכז,נערים א,16
22,726,ליגת נערים א' על,נערים א,18
22,122,ליגת נערים א' צפון,נערים א,14
22,665,ליגת נערים א' שפלה,נערים א,14
22,664,ליגת נערים א' שרון,נערים א,10
22,719,ליגת נערים ב' ארצית דרום,נערים ב,19
22,720,ליגת נערים ב' ארצית צפון,נערים ב,18
22,135,ליגת נערים ב' דן,נערים ב,13
22,746,ליגת נערים ב' דן 1,נערים ב,12
22,131,ליגת נערים ב' מפרץ,נערים ב,14
22,137,ליגת נערים ב' מרכז,נערים ב,15
22,773,ליגת נערים ב' על,נערים ב,18
22,130,ליגת נערים ב' צפון,נערים ב,15
22,658,ליגת נערים ב' שפלה,נערים ב,14
22,134,ליגת נערים ב' שרון,נערים ב,13
22,736,ליגת נערים ג' דן,נערים ג,13
22,707,ליגת נערים ג' דן 1,נערים ג,13
22,147,ליגת נערים ג' חוף,נערים ג,16
22,758,ליגת נערים ג' יזרעאל,נערים ג,12
22,759,ליגת נערים ג' מפרץ 1,נערים ג,13
22,146,ליגת נערים ג' מרכז,נערים ג,12
22,786,ליגת נערים ג' מרכז 1,נערים ג,13
22,761,ליגת נערים ג' מרכז 2,נערים ג,13
22,708,ליגת נערים ג' צפון 1,נערים ג,15
22,663,ליגת נערים ג' שפלה,נערים ג,11
22,144,ליגת נערים ג' שרון,נערים ג,12
22,760,ליגת נערים ג' שרון 2,נערים ג,12
21,648,ליגה ילדים א' דרום,ילדים א,12
21,155,ליגת ילדים א' דן,ילדים א,15
21,734,ליגת ילדים א' דן 1,ילדים א,13
21,768,ליגת ילדים א' דן 2,ילדים א,13
21,764,ליגת ילדים א' חוף,ילדים א,13
21,152,ליגת ילדים א' מפרץ,ילדים א,14
21,711,ליגת ילדים א' מפרץ 1,ילדים א,13
21,156,ליגת ילדים א' מרכז,ילדים א,16
21,695,ליגת ילדים א' מרכז 2,ילדים א,14
21,150,ליגת ילדים א' צפון,ילדים א,10
21,712,ליגת ילדים א' צפון 1,ילדים א,13
21,153,ליגת ילדים א' שומרון,ילדים א,13
21,158,ליגת ילדים א' שפלה,ילדים א,13
21,154,ליגת ילדים א' שרון,ילדים א,16
21,739,ליגה ילדים ב' דן,ילדים ב,16
21,747,ליגה ילדים ב' צפון 1,ילדים ב,14
21,160,ליגה לילדים ב' צפון,ילדים ב,10
21,748,ליגת ילדים ב' דן 1,ילדים ב,13
21,689,ליגת ילדים ב' דן 2,ילדים ב,13
21,161,ליגת ילדים ב' מפרץ,ילדים ב,13
21,766,ליגת ילדים ב' מפרץ 1,ילדים ב,14
21,165,ליגת ילדים ב' מרכז,ילדים ב,16
21,164,ליגת ילדים ב' מרכז 2,ילדים ב,16
21,767,ליגת ילדים ב' צפון 2,ילדים ב,16
21,162,ליגת ילדים ב' שומרון,ילדים ב,10
21,167,ליגת ילדים ב' שפלה,ילדים ב,14
21,163,ליגת ילדים ב' שרון,ילדים ב,16
21,765,ליגת ילדים ב' שרון 2,ילדים ב,10
21,770,ילדים ג חוף,ילדים ג,16
21,769,ליגה ילדים ג' דן 2,ילדים ג,14
21,174,ליגה ילדים ג' שפלה,ילדים ג,10
21,750,ליגה ילדים ג' שרון 2,ילדים ג,15
21,649,ליגת ילדים ג מפרץ,ילדים ג,16
21,175,ליגת ילדים ג' דן,ילדים ג,13
21,713,ליגת ילדים ג' דן 1,ילדים ג,14
21,173,ליגת ילדים ג' מרכז,ילדים ג,16
21,170,ליגת ילדים ג' צפון,ילדים ג,15
21,172,ליגת ילדים ג' צפון 1,ילדים ג,15
21,694,ליגת ילדים ג' שומרון,ילדים ג,13
21,661,ליגת ילדים ג' שרון,ילדים ג,16
21,780,ליגת ילדים ג' שרון 1,ילדים ג,9
21,182,ליגה ילדים טרום א' דן,ילדים טרום א,14
21,737,ליגה ילדים טרום א' דן 2,ילדים טרום א,14
21,771,ליגה ילדים טרום א' חוף,ילדים טרום א,14
21,710,ליגה ילדים טרום א' מפרץ 1,ילדים טרום א,13
21,752,ליגה ילדים טרום א' שרון 2,ילדים טרום א,16
21,631,ליגת ילדים טרום א' דן 1,ילדים טרום א,14
21,180,ליגת ילדים טרום א' מפרץ,ילדים טרום א,15
21,183,ליגת ילדים טרום א' מרכז,ילדים טרום א,16
21,660,ליגת ילדים טרום א' שומרון,ילדים טרום א,13
21,181,ליגת ילדים טרום א' שרון,ילדים טרום א,13
21,640,ליגת ילדים טרום ב' דן,ילדים טרום ב,16
21,659,ליגת ילדים טרום ב' מרכז,ילדים טרום ב,23
21,657,ליגת ילדים טרום ב' צפון,ילדים טרום ב,13
21,186,ליגת ילדים טרום ב' שרון,ילדים טרום ב,14
21,715,ליגה ילדים טרום ג' דרום,ילדים טרום ג,14
21,652,ליגת ילדים טרום ג' צפון,ילדים טרום ג,13
21,105,ליגה ארצית לנוער דרום,נוער,14
21,104,ליגה ארצית לנוער צפון,נוער,14
21,103,ליגה לאומית לנוער דרום,נוער,14
21,102,ליגה לאומית לנוער צפון,נוער,14
21,101,ליגת העל לנוער,נוער,16
21,112,ליגת נוער יזרעאל,נוער,11
21,666,ליגת נוער מרכז,נוער,16
21,110,ליגת נוער צפון,נוער,12
21,116,ליגת נוער צפון 1,נוער,11
21,115,ליגת נוער שפלה,נוער,16
21,114,ליגת נוער שרון,נוער,12
21,121,ליגת נערים א' ארצית דרום,נערים א,16
21,120,ליגת נערים א' ארצית צפון,נערים א,16
21,646,ליגת נערים א' דן,נערים א,9
21,755,ליגת נערים א' יזרעאל,נערים א,10
21,123,ליגת נערים א' מרכז,נערים א,11
21,726,ליגת נערים א' על,נערים א,16
21,122,ליגת נערים א' צפון,נערים א,15
21,664,ליגת נערים א' שרון,נערים א,11
21,665,נערים א' שפלה,נערים א,11
21,719,ליגת נערים ב' ארצית דרום,נערים ב,16
21,720,ליגת נערים ב' ארצית צפון,נערים ב,16
21,135,ליגת נערים ב' דן,נערים ב,16
21,746,ליגת נערים ב' דן 1,נערים ב,14
21,131,ליגת נערים ב' מפרץ,נערים ב,16
21,137,ליגת נערים ב' מרכז,נערים ב,15
21,773,ליגת נערים ב' על,נערים ב,16
21,130,ליגת נערים ב' צפון,נערים ב,16
21,658,ליגת נערים ב' שפלה,נערים ב,10
21,134,ליגת נערים ב' שרון,נערים ב,16
21,736,ליגת נערים ג' דן,נערים ג,16
21,707,ליגת נערים ג' דן 1,נערים ג,14
21,147,ליגת נערים ג' חוף,נערים ג,16
21,758,ליגת נערים ג' יזרעאל,נערים ג,9
21,141,ליגת נערים ג' מפרץ,נערים ג,16
21,146,ליגת נערים ג' מרכז,נערים ג,16
21,761,ליגת נערים ג' מרכז 2,נערים ג,16
21,140,ליגת נערים ג' צפון,נערים ג,14
21,663,ליגת נערים ג' שפלה,נערים ג,8
21,144,ליגת נערים ג' שרון,נערים ג,16
21,760,ליגת נערים ג' שרון 2,נערים ג,16
20,648,ליגה ילדים א' דרום,ילדים א,13
20,155,ליגת ילדים א' דן,ילדים א,14
20,734,ליגת ילדים א' דן 1,ילדים א,14
20,768,ליגת ילדים א' דן 2,ילדים א,13
20,764,ליגת ילדים א' חוף,ילדים א,14
20,152,ליגת ילדים א' מפרץ,ילדים א,14
20,711,ליגת ילדים א' מפרץ 1,ילדים א,14
20,156,ליגת ילדים א' מרכז,ילדים א,14
20,695,ליגת ילדים א' מרכז 2,ילדים א,14
20,150,ליגת ילדים א' צפון,ילדים א,13
20,712,ליגת ילדים א' צפון 1,ילדים א,16
20,153,ליגת ילדים א' שומרון,ילדים א,12
20,158,ליגת ילדים א' שפלה,ילדים א,15
20,154,ליגת ילדים א' שרון,ילדים א,14
20,739,ליגה ילדים ב' דן,ילדים ב,16
20,747,ליגה ילדים ב' צפון 1,ילדים ב,13
20,766,ליגה לילדים ב' מפרץ 1,ילדים ב,12
20,160,ליגה לילדים ב' צפון,ילדים ב,14
20,765,ליגה לילדים ב' שרון 2,ילדים ב,14
20,689,ליגת ילדים ב' דן 2,ילדים ב,14
20,161,ליגת ילדים ב' מפרץ,ילדים ב,14
20,165,ליגת ילדים ב' מרכז,ילדים ב,14
20,164,ליגת ילדים ב' מרכז 2,ילדים ב,16
20,767,ליגת ילדים ב' צפון 2,ילדים ב,14
20,162,ליגת ילדים ב' שומרון,ילדים ב,14
20,167,ליגת ילדים ב' שפלה,ילדים ב,13
20,163,ליגת ילדים ב' שרון,ילדים ב,14
20,769,ליגה ילדים ג' דן 2,ילדים ג,14
20,770,ליגה ילדים ג' חוף,ילדים ג,13
20,174,ליגה ילדים ג' שפלה,ילדים ג,10
20,750,ליגה ילדים ג' שרון 2,ילדים ג,14
20,649,ליגת ילדים ג מפרץ,ילדים ג,14
20,175,ליגת ילדים ג' דן,ילדים ג,14
20,713,ליגת ילדים ג' דן 1,ילדים ג,14
20,173,ליגת ילדים ג' מרכז,ילדים ג,16
20,170,ליגת ילדים ג' צפון,ילדים ג,14
20,172,ליגת ילדים ג' צפון 1,ילדים ג,14
20,694,ליגת ילדים ג' שומרון,ילדים ג,13
20,661,ליגת ילדים ג' שרון,ילדים ג,14
20,182,ליגה ילדים טרום א' דן,ילדים טרום א,14
20,737,ליגה ילדים טרום א' דן 2,ילדים טרום א,13
20,771,ליגה ילדים טרום א' חוף,ילדים טרום א,14
20,710,ליגה ילדים טרום א' מפרץ 1,ילדים טרום א,9
20,752,ליגה ילדים טרום א' שרון 2,ילדים טרום א,14
20,631,ליגת ילדים טרום א' דן 1,ילדים טרום א,14
20,180,ליגת ילדים טרום א' מפרץ,ילדים טרום א,16
20,183,ליגת ילדים טרום א' מרכז,ילדים טרום א,14
20,660,ליגת ילדים טרום א' שומרון,ילדים טרום א,14
20,181,ליגת ילדים טרום א' שרון,ילדים טרום א,14
20,659,ליגת ילדים טרום ב' מרכז,ילדים טרום ב,30
20,657,ליגת ילדים טרום ב' צפון,ילדים טרום ב,16
20,715,ליגה ילדים טרום ג' דרום,ילדים טרום ג,13
20,652,ליגת ילדים טרום ג' צפון,ילדים טרום ג,11
20,105,ליגה ארצית לנוער דרום,נוער,14
20,104,ליגה ארצית לנוער צפון,נוער,14
20,103,ליגה לאומית לנוער דרום,נוער,14
20,102,ליגה לאומית לנוער צפון,נוער,14
20,101,ליגת העל לנוער,נוער,16
20,112,ליגת נוער יזרעאל,נוער,16
20,666,ליגת נוער מרכז,נוער,15
20,110,ליגת נוער צפון,נוער,14
20,116,ליגת נוער צפון 1,נוער,15
20,115,ליגת נוער שפלה,נוער,16
20,114,ליגת נוער שרון,נוער,16
20,121,ליגת נערים א' ארצית דרום,נערים א,16
20,120,ליגת נערים א' ארצית צפון,נערים א,16
20,646,ליגת נערים א' דן,נערים א,13
20,755,ליגת נערים א' יזרעאל,נערים א,14
20,123,ליגת נערים א' מרכז,נערים א,12
20,726,ליגת נערים א' על,נערים א,16
20,122,ליגת נערים א' צפון,נערים א,14
20,664,ליגת נערים א' שרון,נערים א,14
20,665,נערים א' שפלה,נערים א,14
20,719,ליגת נערים ב' ארצית דרום,נערים ב,16
20,720,ליגת נערים ב' ארצית צפון,נערים ב,16
20,135,ליגת נערים ב' דן,נערים ב,13
20,746,ליגת נערים ב' דן 1,נערים ב,14
20,131,ליגת נערים ב' מפרץ,נערים ב,16
20,137,ליגת נערים ב' מרכז,נערים ב,13
20,773,ליגת נערים ב' על,נערים ב,16
20,130,ליגת נערים ב' צפון,נערים ב,15
20,658,ליגת נערים ב' שפלה,נערים ב,13
20,134,ליגת נערים ב' שרון,נערים ב,16
20,736,ליגת נערים ג' דן,נערים ג,16
20,707,ליגת נערים ג' דן 1,נערים ג,15
20,147,ליגת נערים ג' חוף,נערים ג,15
20,758,ליגת נערים ג' יזרעאל,נערים ג,14
20,141,ליגת נערים ג' מפרץ,נערים ג,15
20,146,ליגת נערים ג' מרכז,נערים ג,16
20,761,ליגת נערים ג' מרכז 2,נערים ג,16
20,140,ליגת נערים ג' צפון,נערים ג,15
20,663,ליגת נערים ג' שפלה,נערים ג,15
20,144,ליגת נערים ג' שרון,נערים ג,16
20,760,ליגת נערים ג' שרון 2,נערים ג,14
19,734,ליגה ילדים א' דן 1,ילדים א,14
19,768,ליגה ילדים א' דן 2,ילדים א,14
19,648,ליגה ילדים א' דרום,ילדים א,12
19,764,ליגה ילדים א' חוף,ילדים א,14
19,155,ליגת ילדים א' דן,ילדים א,14
19,152,ליגת ילדים א' מפרץ,ילדים א,15
19,711,ליגת ילדים א' מפרץ 1,ילדים א,10
19,156,ליגת ילדים א' מרכז,ילדים א,14
19,695,ליגת ילדים א' מרכז 2,ילדים א,14
19,150,ליגת ילדים א' צפון,ילדים א,16
19,712,ליגת ילדים א' צפון 1,ילדים א,15
19,153,ליגת ילדים א' שומרון,ילדים א,14
19,158,ליגת ילדים א' שפלה,ילדים א,10
19,154,ליגת ילדים א' שרון,ילדים א,14
19,739,ליגה ילדים ב' דן,ילדים ב,14
19,747,ליגה ילדים ב' צפון 1,ילדים ב,10
19,748,ליגה לילדים ב' דן 1,ילדים ב,9
19,766,ליגה לילדים ב' מפרץ 1,ילדים ב,12
19,160,ליגה לילדים ב' צפון,ילדים ב,13
19,765,ליגה לילדים ב' שרון 2,ילדים ב,14
19,689,ליגת ילדים ב דן 2,ילדים ב,11
19,161,ליגת ילדים ב' מפרץ,ילדים ב,14
19,165,ליגת ילדים ב' מרכז,ילדים ב,14
19,164,ליגת ילדים ב' מרכז 2,ילדים ב,14
19,767,ליגת ילדים ב' צפון 2,ילדים ב,9
19,162,ליגת ילדים ב' שומרון,ילדים ב,12
19,167,ליגת ילדים ב' שפלה,ילדים ב,14
19,163,ליגת ילדים ב' שרון,ילדים ב,16
19,769,ליגה ילדים ג' דן 2,ילדים ג,8
19,770,ליגה ילדים ג' חוף,ילדים ג,12
19,738,ליגה ילדים ג' מפרץ 1,ילדים ג,9
19,174,ליגה ילדים ג' שפלה,ילדים ג,10
19,750,ליגה ילדים ג' שרון 2,ילדים ג,14
19,649,ליגת ילדים ג מפרץ,ילדים ג,13
19,175,ליגת ילדים ג' דן,ילדים ג,12
19,713,ליגת ילדים ג' דן 1,ילדים ג,12
19,173,ליגת ילדים ג' מרכז,ילדים ג,12
19,170,ליגת ילדים ג' צפון,ילדים ג,12
19,172,ליגת ילדים ג' צפון 1,ילדים ג,10
19,694,ליגת ילדים ג' שומרון,ילדים ג,11
19,661,ליגת ילדים ג' שרון,ילדים ג,12
19,182,ליגה ילדים טרום א' דן,ילדים טרום א,13
19,737,ליגה ילדים טרום א' דן 2,ילדים טרום א,13
19,771,ליגה ילדים טרום א' חוף,ילדים טרום א,12
19,710,ליגה ילדים טרום א' מפרץ 1,ילדים טרום א,11
19,752,ליגה ילדים טרום א' שרון 2,ילדים טרום א,14
19,631,ליגת ילדים טרום א' דן 1,ילדים טרום א,14
19,180,ליגת ילדים טרום א' מפרץ,ילדים טרום א,12
19,183,ליגת ילדים טרום א' מרכז,ילדים טרום א,13
19,660,ליגת ילדים טרום א' שומרון,ילדים טרום א,12
19,181,ליגת ילדים טרום א' שרון,ילדים טרום א,14
19,742,טורנירים טרום ילדים ב' דן,ילדים טרום ב,21
19,740,טורנירים טרום ילדים ב' מרכז,ילדים טרום ב,21
19,728,טורנירים טרום ילדים ב' צפון,ילדים טרום ב,15
19,725,טורנירים טרום ילדים ג' דרום,ילדים טרום ג,17
19,727,טורנירים טרום ילדים ג' צפון,ילדים טרום ג,12
19,105,ליגה ארצית לנוער דרום,נוער,14
19,104,ליגה ארצית לנוער צפון,נוער,14
19,102,ליגה לאומית לנוער צפון,נוער,14
19,101,ליגת העל לנוער,נוער,16
19,103,ליגת לאומית לנוער דרום,נוער,14
19,112,ליגת נוער יזרעאל,נוער,15
19,666,ליגת נוער מרכז,נוער,16
19,110,ליגת נוער צפון,נוער,16
19,116,ליגת נוער צפון 1,נוער,16
19,115,ליגת נוער שפלה,נוער,16
19,114,ליגת נוער שרון,נוער,15
19,121,ליגת נערים א' ארצית דרום,נערים א,16
19,120,ליגת נערים א' ארצית צפון,נערים א,16
19,755,ליגת נערים א' יזרעאל,נערים א,16
19,123,ליגת נערים א' מרכז,נערים א,16
19,122,ליגת נערים א' צפון,נערים א,14
19,664,ליגת נערים א' שרון,נערים א,15
19,726,נערים א' על,נערים א,16
19,665,נערים א' שפלה,נערים א,11
19,719,ליגת נערים ב' ארצית דרום,נערים ב,16
19,720,ליגת נערים ב' ארצית צפון,נערים ב,16
19,135,ליגת נערים ב' דן,נערים ב,16
19,746,ליגת נערים ב' דן 1,נערים ב,16
19,706,ליגת נערים ב' יזרעאל,נערים ב,16
19,131,ליגת נערים ב' מפרץ,נערים ב,16
19,137,ליגת נערים ב' מרכז,נערים ב,16
19,130,ליגת נערים ב' צפון,נערים ב,14
19,658,ליגת נערים ב' שפלה,נערים ב,13
19,134,ליגת נערים ב' שרון,נערים ב,14
19,736,ליגת נערים ג' דן,נערים ג,12
19,707,ליגת נערים ג' דן 1,נערים ג,10
19,147,ליגת נערים ג' חוף,נערים ג,14
19,146,ליגת נערים ג' מרכז,נערים ג,16
19,140,ליגת נערים ג' צפון,נערים ג,15
19,142,ליגת נערים ג' שומרון,נערים ג,12
19,663,ליגת נערים ג' שפלה,נערים ג,10
19,144,ליגת נערים ג' שרון,נערים ג,16
19,758,נערים ג' יזרעאל,נערים ג,14
19,759,נערים ג' מפרץ 1,נערים ג,15
19,761,נערים ג' מרכז 2,נערים ג,16
19,760,נערים ג' שרון 2,נערים ג,13
18,734,ליגה ילדים א' דן 1,ילדים א,16
18,662,ליגה ילדים א' יזרעאל,ילדים א,15
18,155,ליגת ילדים א' דן,ילדים א,15
18,152,ליגת ילדים א' מפרץ,ילדים א,13
18,711,ליגת ילדים א' מפרץ 1,ילדים א,13
18,156,ליגת ילדים א' מרכז,ילדים א,16
18,695,ליגת ילדים א' מרכז 2,ילדים א,16
18,150,ליגת ילדים א' צפון,ילדים א,12
18,712,ליגת ילדים א' צפון 1,ילדים א,13
18,153,ליגת ילדים א' שומרון,ילדים א,15
18,158,ליגת ילדים א' שפלה,ילדים א,14
18,154,ליגת ילדים א' שרון,ילדים א,16
18,696,ליגת ילדים א' שרון 2,ילדים א,14
18,739,ליגה ילדים ב' דן,ילדים ב,13
18,747,ליגה ילדים ב' צפון 1,ילדים ב,13
18,748,ליגה לילדים ב' דן 1,ילדים ב,16
18,160,ליגה לילדים ב' צפון,ילדים ב,15
18,689,ליגת ילדים ב דן 2,ילדים ב,16
18,161,ליגת ילדים ב' מפרץ,ילדים ב,14
18,697,ליגת ילדים ב' מפרץ 2,ילדים ב,13
18,165,ליגת ילדים ב' מרכז,ילדים ב,16
18,164,ליגת ילדים ב' מרכז 2,ילדים ב,16
18,162,ליגת ילדים ב' שומרון,ילדים ב,13
18,167,ליגת ילדים ב' שפלה,ילדים ב,10
18,163,ליגת ילדים ב' שרון,ילדים ב,16
18,738,ליגה ילדים ג' מפרץ 1,ילדים ג,11
18,744,ליגה ילדים ג' מרכז 2,ילדים ג,14
18,750,ליגה ילדים ג' שרון 2,ילדים ג,10
18,649,ליגת ילדים ג מפרץ,ילדים ג,12
18,175,ליגת ילדים ג' דן,ילדים ג,13
18,713,ליגת ילדים ג' דן 1,ילדים ג,10
18,173,ליגת ילדים ג' מרכז,ילדים ג,14
18,170,ליגת ילדים ג' צפון,ילדים ג,12
18,172,ליגת ילדים ג' צפון 1,ילדים ג,10
18,694,ליגת ילדים ג' שומרון,ילדים ג,9
18,661,ליגת ילדים ג' שרון,ילדים ג,14
18,182,ליגה ילדים טרום א' דן,ילדים טרום א,11
18,737,ליגה ילדים טרום א' דן 2,ילדים טרום א,9
18,710,ליגה ילדים טרום א' מפרץ 1,ילדים טרום א,13
18,752,ליגה ילדים טרום א' שרון 2,ילדים טרום א,14
18,631,ליגת ילדים טרום א' דן 1,ילדים טרום א,12
18,180,ליגת ילדים טרום א' מפרץ,ילדים טרום א,14
18,183,ליגת ילדים טרום א' מרכז,ילדים טרום א,14
18,660,ליגת ילדים טרום א' שומרון,ילדים טרום א,10
18,181,ליגת ילדים טרום א' שרון,ילדים טרום א,14
18,742,טורנירים טרום ילדים ב' דן,ילדים טרום ב,23
18,740,טורנירים טרום ילדים ב' מרכז,ילדים טרום ב,24
18,728,טורנירים טרום ילדים ב' צפון,ילדים טרום ב,19
18,725,טורנירים טרום ילדים ג' דרום,ילדים טרום ג,17
18,727,טורנירים טרום ילדים ג' צפון,ילדים טרום ג,12
18,105,ליגה ארצית לנוער דרום,נוער,14
18,104,ליגה ארצית לנוער צפון,נוער,14
18,102,ליגה לאומית לנוער צפון,נוער,14
18,101,ליגת העל לנוער,נוער,16
18,103,ליגת לאומית לנוער דרום,נוער,14
18,112,ליגת נוער יזרעאל,נוער,15
18,666,ליגת נוער מרכז,נוער,16
18,110,ליגת נוער צפון,נוער,16
18,116,ליגת נוער צפון 1,נוער,16
18,115,ליגת נוער שפלה,נוער,14
18,114,ליגת נוער שרון,נוער,15
18,121,ליגת נערים א' ארצית דרום,נערים א,16
18,120,ליגת נערים א' ארצית צפון,נערים א,16
18,123,ליגת נערים א' מרכז,נערים א,15
18,122,ליגת נערים א' צפון,נערים א,15
18,693,ליגת נערים א' צפון 1,נערים א,14
18,664,ליגת נערים א' שרון,נערים א,10
18,726,נערים א' על,נערים א,16
18,665,נערים א' שפלה,נערים א,13
18,719,ליגת נערים ב' ארצית דרום,נערים ב,16
18,720,ליגת נערים ב' ארצית צפון,נערים ב,16
18,135,ליגת נערים ב' דן,נערים ב,14
18,746,ליגת נערים ב' דן 1,נערים ב,10
18,706,ליגת נערים ב' יזרעאל,נערים ב,16
18,131,ליגת נערים ב' מפרץ,נערים ב,16
18,137,ליגת נערים ב' מרכז,נערים ב,16
18,130,ליגת נערים ב' צפון,נערים ב,14
18,658,ליגת נערים ב' שפלה,נערים ב,12
18,134,ליגת נערים ב' שרון,נערים ב,16
18,147,ליגת נערים ג' דן,נערים ג,15
18,707,ליגת נערים ג' דן 1,נערים ג,12
18,736,ליגת נערים ג' דן 2,נערים ג,16
18,141,ליגת נערים ג' מפרץ,נערים ג,16
18,146,ליגת נערים ג' מרכז,נערים ג,16
18,140,ליגת נערים ג' צפון,נערים ג,13
18,708,ליגת נערים ג' צפון 1,נערים ג,15
18,142,ליגת נערים ג' שומרון,נערים ג,12
18,663,ליגת נערים ג' שפלה,נערים ג,10
18,144,ליגת נערים ג' שרון,נערים ג,14
18,745,ליגת נערים ג' שרון 1,נערים ג,14
17,734,ליגה ילדים א' דן 1,ילדים א,14
17,155,ליגת ילדים א' דן,ילדים א,16
17,152,ליגת ילדים א' מפרץ,ילדים א,16
17,711,ליגת ילדים א' מפרץ 1,ילדים א,13
17,156,ליגת ילדים א' מרכז,ילדים א,14
17,695,ליגת ילדים א' מרכז 2,ילדים א,16
17,150,ליגת ילדים א' צפון,ילדים א,16
17,712,ליגת ילדים א' צפון 1,ילדים א,15
17,153,ליגת ילדים א' שומרון,ילדים א,15
17,158,ליגת ילדים א' שפלה,ילדים א,13
17,154,ליגת ילדים א' שרון,ילדים א,14
17,696,ליגת ילדים א' שרון 2,ילדים א,14
17,739,ליגה ילדים ב' דן,ילדים ב,14
17,160,ליגה לילדים ב' צפון,ילדים ב,16
17,689,ליגת ילדים ב דן 2,ילדים ב,16
17,161,ליגת ילדים ב' מפרץ,ילדים ב,16
17,697,ליגת ילדים ב' מפרץ 2,ילדים ב,16
17,165,ליגת ילדים ב' מרכז,ילדים ב,14
17,164,ליגת ילדים ב' מרכז 2,ילדים ב,16
17,162,ליגת ילדים ב' שומרון,ילדים ב,16
17,167,ליגת ילדים ב' שפלה,ילדים ב,13
17,163,ליגת ילדים ב' שרון,ילדים ב,16
17,738,ליגה ילדים ג' מפרץ 1,ילדים ג,13
17,744,ליגה ילדים ג' מרכז 2,ילדים ג,16
17,649,ליגת ילדים ג מפרץ,ילדים ג,14
17,175,ליגת ילדים ג' דן,ילדים ג,10
17,713,ליגת ילדים ג' דן 1,ילדים ג,10
17,173,ליגת ילדים ג' מרכז,ילדים ג,14
17,170,ליגת ילדים ג' צפון,ילדים ג,16
17,172,ליגת ילדים ג' צפון 1,ילדים ג,14
17,694,ליגת ילדים ג' שומרון,ילדים ג,15
17,174,ליגת ילדים ג' שפלה,ילדים ג,12
17,661,ליגת ילדים ג' שרון,ילדים ג,14
17,182,ליגה ילדים טרום א' דן,ילדים טרום א,14
17,710,ליגה ילדים טרום א' מפרץ 1,ילדים טרום א,14
17,631,ליגת ילדים טרום א' דן 1,ילדים טרום א,12
17,180,ליגת ילדים טרום א' מפרץ,ילדים טרום א,14
17,183,ליגת ילדים טרום א' מרכז,ילדים טרום א,14
17,660,ליגת ילדים טרום א' שומרון,ילדים טרום א,14
17,181,ליגת ילדים טרום א' שרון,ילדים טרום א,14
17,742,טורנירים טרום ילדים ב' דרום,ילדים טרום ב,21
17,740,טורנירים טרום ילדים ב' מרכז,ילדים טרום ב,27
17,728,טורנירים טרום ילדים ב' צפון,ילדים טרום ב,17
17,725,טורנירים טרום ילדים ג' דרום,ילדים טרום ג,23
17,727,טורנירים טרום ילדים ג' צפון,ילדים טרום ג,5
17,105,ליגה ארצית לנוער דרום,נוער,14
17,104,ליגה ארצית לנוער צפון,נוער,14
17,102,ליגה לאומית לנוער צפון,נוער,14
17,103,ליגת לאומית לנוער דרום,נוער,14
17,112,ליגת נוער יזרעאל,נוער,16
17,666,ליגת נוער מרכז,נוער,14
17,110,ליגת נוער צפון,נוער,14
17,116,ליגת נוער צפון 1,נוער,16
17,115,ליגת נוער שפלה,נוער,14
17,114,ליגת נוער שרון,נוער,13
17,121,ליגת נערים א' ארצית דרום,נערים א,16
17,120,ליגת נערים א' ארצית צפון,נערים א,16
17,646,ליגת נערים א' דן,נערים א,14
17,123,ליגת נערים א' מרכז,נערים א,13
17,122,ליגת נערים א' צפון,נערים א,16
17,693,ליגת נערים א' צפון 1,נערים א,16
17,664,ליגת נערים א' שרון,נערים א,10
17,726,נערים א' על,נערים א,16
17,719,ליגת נערים ב' ארצית דרום,נערים ב,16
17,720,ליגת נערים ב' ארצית צפון,נערים ב,16
17,135,ליגת נערים ב' דן,נערים ב,16
17,706,ליגת נערים ב' יזרעאל,נערים ב,16
17,131,ליגת נערים ב' מפרץ,נערים ב,16
17,137,ליגת נערים ב' מרכז,נערים ב,16
17,130,ליגת נערים ב' צפון,נערים ב,16
17,658,ליגת נערים ב' שפלה,נערים ב,16
17,134,ליגת נערים ב' שרון,נערים ב,14
17,147,ליגת נערים ג' דן,נערים ג,16
17,707,ליגת נערים ג' דן 1,נערים ג,14
17,736,ליגת נערים ג' דן 2,נערים ג,16
17,141,ליגת נערים ג' מפרץ,נערים ג,14
17,146,ליגת נערים ג' מרכז,נערים ג,14
17,140,ליגת נערים ג' צפון,נערים ג,14
17,708,ליגת נערים ג' צפון 1,נערים ג,16
17,142,ליגת נערים ג' שומרון,נערים ג,14
17,709,ליגת נערים ג' שומרון 1,נערים ג,10
17,663,ליגת נערים ג' שפלה,נערים ג,10
17,144,ליגת נערים ג' שרון,נערים ג,14
16,734,ליגה ילדים א' דן 1,ילדים א,14
16,155,ליגת ילדים א' דן,ילדים א,14
16,695,ליגת ילדים א' דן 2,ילדים א,14
16,152,ליגת ילדים א' מפרץ,ילדים א,13
16,711,ליגת ילדים א' מפרץ 1,ילדים א,14
16,156,ליגת ילדים א' מרכז,ילדים א,14
16,150,ליגת ילדים א' צפון,ילדים א,15
16,712,ליגת ילדים א' צפון 1,ילדים א,14
16,153,ליגת ילדים א' שומרון,ילדים א,14
16,696,ליגת ילדים א' שומרון 2,ילדים א,14
16,158,ליגת ילדים א' שפלה,ילדים א,13
16,154,ליגת ילדים א' שרון,ילדים א,14
16,739,ליגה ילדים ב' שרון 2,ילדים ב,14
16,689,ליגת ילדים ב דן 2,ילדים ב,16
16,161,ליגת ילדים ב' מפרץ,ילדים ב,14
16,697,ליגת ילדים ב' מפרץ 2,ילדים ב,15
16,165,ליגת ילדים ב' מרכז,ילדים ב,14
16,164,ליגת ילדים ב' מרכז 2,ילדים ב,14
16,162,ליגת ילדים ב' שומרון,ילדים ב,16
16,698,ליגת ילדים ב' שומרון 2,ילדים ב,14
16,167,ליגת ילדים ב' שפלה,ילדים ב,14
16,163,ליגת ילדים ב' שרון,ילדים ב,14
16,738,ליגה ילדים ג' מפרץ 1,ילדים ג,10
16,649,ליגת ילדים ג מפרץ,ילדים ג,13
16,175,ליגת ילדים ג' דן,ילדים ג,10
16,713,ליגת ילדים ג' דן 1,ילדים ג,14
16,173,ליגת ילדים ג' מרכז,ילדים ג,14
16,170,ליגת ילדים ג' צפון,ילדים ג,13
16,172,ליגת ילדים ג' צפון 1,ילדים ג,10
16,694,ליגת ילדים ג' שומרון,ילדים ג,14
16,174,ליגת ילדים ג' שפלה,ילדים ג,13
16,661,ליגת ילדים ג' שרון,ילדים ג,14
16,182,ליגה ילדים טרום א' דן,ילדים טרום א,15
16,737,ליגה ילדים טרום א' דן 2,ילדים טרום א,14
16,710,ליגה ילדים טרום א' מפרץ 1,ילדים טרום א,10
16,631,ליגת ילדים טרום א' דן 1,ילדים טרום א,14
16,180,ליגת ילדים טרום א' מפרץ,ילדים טרום א,9
16,183,ליגת ילדים טרום א' מרכז,ילדים טרום א,14
16,660,ליגת ילדים טרום א' שומרון,ילדים טרום א,16
16,181,ליגת ילדים טרום א' שרון,ילדים טרום א,14
16,740,טורנירים טרום ילדים ב' מרכז,ילדים טרום ב,32
16,742,טורנירים טרום ילדים ב' צפון,ילדים טרום ב,27
16,725,טורנירים טרום ילדים ג',ילדים טרום ג,20
16,105,ליגה ארצית לנוער דרום,נוער,14
16,104,ליגה ארצית לנוער צפון,נוער,14
16,102,ליגה לאומית לנוער צפון,נוער,14
16,103,ליגת לאומית לנוער דרום,נוער,14
16,112,ליגת נוער יזרעאל,נוער,13
16,666,ליגת נוער מרכז,נוער,16
16,110,ליגת נוער צפון,נוער,16
16,116,ליגת נוער צפון 1,נוער,12
16,115,ליגת נוער שפלה,נוער,10
16,114,ליגת נוער שרון,נוער,14
16,121,ליגת נערים א' ארצית דרום,נערים א,16
16,120,ליגת נערים א' ארצית צפון,נערים א,16
16,646,ליגת נערים א' דן,נערים א,10
16,126,ליגת נערים א' דרום,נערים א,8
16,123,ליגת נערים א' מרכז,נערים א,10
16,122,ליגת נערים א' צפון,נערים א,15
16,693,ליגת נערים א' צפון 1,נערים א,10
16,664,ליגת נערים א' שרון,נערים א,16
16,726,נערים א' על,נערים א,16
16,719,ליגת נערים ב' ארצית דרום,נערים ב,15
16,720,ליגת נערים ב' ארצית צפון,נערים ב,16
16,135,ליגת נערים ב' דן,נערים ב,16
16,706,ליגת נערים ב' יזרעאל,נערים ב,16
16,131,ליגת נערים ב' מפרץ,נערים ב,15
16,137,ליגת נערים ב' מרכז,נערים ב,16
16,130,ליגת נערים ב' צפון,נערים ב,15
16,658,ליגת נערים ב' שפלה,נערים ב,16
16,134,ליגת נערים ב' שרון,נערים ב,15
16,147,ליגת נערים ג' דן,נערים ג,14
16,707,ליגת נערים ג' דן 1,נערים ג,14
16,736,ליגת נערים ג' דן 2,נערים ג,10
16,141,ליגת נערים ג' מפרץ,נערים ג,16
16,146,ליגת נערים ג' מרכז,נערים ג,16
16,140,ליגת נערים ג' צפון,נערים ג,16
16,708,ליגת נערים ג' צפון 1,נערים ג,16
16,142,ליגת נערים ג' שומרון,נערים ג,16
16,663,ליגת נערים ג' שפלה,נערים ג,12
16,144,ליגת נערים ג' שרון,נערים ג,16
15,734,ליגה ילדים א' דן 1,ילדים א,16
15,155,ליגת ילדים א' דן,ילדים א,16
15,695,ליגת ילדים א' דן 2,ילדים א,16
15,648,ליגת ילדים א' דרום,ילדים א,9
15,152,ליגת ילדים א' מפרץ,ילדים א,14
15,711,ליגת ילדים א' מפרץ 1,ילדים א,14
15,156,ליגת ילדים א' מרכז,ילדים א,16
15,150,ליגת ילדים א' צפון,ילדים א,14
15,712,ליגת ילדים א' צפון 1,ילדים א,10
15,153,ליגת ילדים א' שומרון,ילדים א,16
15,154,ליגת ילדים א' שרון,ילדים א,16
15,689,ליגת ילדים ב דן 2,ילדים ב,14
15,164,ליגת ילדים ב' דן,ילדים ב,16
15,161,ליגת ילדים ב' מפרץ,ילדים ב,16
15,697,ליגת ילדים ב' מפרץ 2,ילדים ב,14
15,165,ליגת ילדים ב' מרכז,ילדים ב,16
15,160,ליגת ילדים ב' צפון,ילדים ב,13
15,162,ליגת ילדים ב' שומרון,ילדים ב,13
15,698,ליגת ילדים ב' שומרון 2,ילדים ב,14
15,167,ליגת ילדים ב' שפלה,ילדים ב,16
15,163,ליגת ילדים ב' שרון,ילדים ב,16
15,649,ליגת ילדים ג מפרץ,ילדים ג,14
15,175,ליגת ילדים ג' דן,ילדים ג,11
15,713,ליגת ילדים ג' דן 1,ילדים ג,16
15,173,ליגת ילדים ג' מרכז,ילדים ג,14
15,170,ליגת ילדים ג' צפון,ילדים ג,13
15,172,ליגת ילדים ג' צפון 1,ילדים ג,12
15,694,ליגת ילדים ג' שומרון,ילדים ג,14
15,174,ליגת ילדים ג' שפלה,ילדים ג,9
15,661,ליגת ילדים ג' שרון,ילדים ג,16
15,182,ליגה ילדים טרום א' דן,ילדים טרום א,13
15,710,ליגה ילדים טרום א' מפרץ 1,ילדים טרום א,13
15,631,ליגת ילדים טרום א' דן 1,ילדים טרום א,13
15,180,ליגת ילדים טרום א' מפרץ,ילדים טרום א,13
15,183,ליגת ילדים טרום א' מרכז,ילדים טרום א,14
15,660,ליגת ילדים טרום א' שומרון,ילדים טרום א,13
15,181,ליגת ילדים טרום א' שרון,ילדים טרום א,13
15,732,ליגה ילדים טרום ב' דן 2,ילדים טרום ב,14
15,722,ליגת ילדים טרום ב דן 1,ילדים טרום ב,14
15,640,ליגת ילדים טרום ב' דן,ילדים טרום ב,10
15,659,ליגת ילדים טרום ב' מרכז,ילדים טרום ב,10
15,657,ליגת ילדים טרום ב' צפון,ילדים טרום ב,11
15,186,ליגת ילדים טרום ב' שרון,ילדים טרום ב,14
15,725,טורנירים טרום ילדים ג',ילדים טרום ג,31
15,105,ליגה ארצית לנוער דרום,נוער,14
15,104,ליגה ארצית לנוער צפון,נוער,14
15,102,ליגה לאומית לנוער צפון,נוער,14
15,103,ליגת לאומית לנוער דרום,נוער,14
15,666,ליגת נוער מרכז,נוער,15
15,110,ליגת נוער צפון,נוער,14
15,116,ליגת נוער צפון 1,נוער,16
15,115,ליגת נוער שפלה,נוער,16
15,114,ליגת נוער שרון,נוער,17
15,101,ליגת על לנוער,נוער,16
15,121,ליגת נערים א' ארצית דרום,נערים א,16
15,120,ליגת נערים א' ארצית צפון,נערים א,16
15,646,ליגת נערים א' דן,נערים א,16
15,122,ליגת נערים א' צפון,נערים א,14
15,693,ליגת נערים א' צפון 1,נערים א,13
15,123,ליגת נערים א' שפלה,נערים א,10
15,726,נערים א' על,נערים א,16
15,719,ליגת נערים ב' ארצית דרום,נערים ב,16
15,720,ליגת נערים ב' ארצית צפון,נערים ב,16
15,135,ליגת נערים ב' דן,נערים ב,16
15,706,ליגת נערים ב' יזרעאל,נערים ב,13
15,131,ליגת נערים ב' מפרץ,נערים ב,10
15,137,ליגת נערים ב' מרכז,נערים ב,14
15,130,ליגת נערים ב' צפון,נערים ב,14
15,658,ליגת נערים ב' שפלה,נערים ב,16
15,134,ליגת נערים ב' שרון,נערים ב,15
15,147,ליגת נערים ג' דן,נערים ג,14
15,707,ליגת נערים ג' דן 1,נערים ג,14
15,141,ליגת נערים ג' מפרץ,נערים ג,14
15,146,ליגת נערים ג' מרכז,נערים ג,16
15,140,ליגת נערים ג' צפון,נערים ג,16
15,708,ליגת נערים ג' צפון 1,נערים ג,16
15,142,ליגת נערים ג' שומרון,נערים ג,16
15,663,ליגת נערים ג' שפלה,נערים ג,14
15,144,ליגת נערים ג' שרון,נערים ג,16
14,155,ליגת ילדים א' דן,ילדים א,15
14,695,ליגת ילדים א' דן 2,ילדים א,14
14,648,ליגת ילדים א' דרום,ילדים א,10
14,152,ליגת ילדים א' מפרץ,ילדים א,14
14,711,ליגת ילדים א' מפרץ 1,ילדים א,14
14,156,ליגת ילדים א' מרכז,ילדים א,14
14,150,ליגת ילדים א' צפון,ילדים א,13
14,712,ליגת ילדים א' צפון 1,ילדים א,14
14,153,ליגת ילדים א' שומרון,ילדים א,16
14,158,ליגת ילדים א' שפלה,ילדים א,14
14,154,ליגת ילדים א' שרון,ילדים א,14
14,689,ליגת ילדים ב דן 2,ילדים ב,15
14,164,ליגת ילדים ב' דן,ילדים ב,16
14,161,ליגת ילדים ב' מפרץ,ילדים ב,14
14,697,ליגת ילדים ב' מפרץ 2,ילדים ב,14
14,165,ליגת ילדים ב' מרכז,ילדים ב,14
14,160,ליגת ילדים ב' צפון,ילדים ב,14
14,162,ליגת ילדים ב' שומרון,ילדים ב,15
14,167,ליגת ילדים ב' שפלה,ילדים ב,15
14,163,ליגת ילדים ב' שרון,ילדים ב,14
14,649,ליגת ילדים ג מפרץ,ילדים ג,14
14,175,ליגת ילדים ג' דן,ילדים ג,16
14,713,ליגת ילדים ג' דן 1,ילדים ג,16
14,173,ליגת ילדים ג' מרכז,ילדים ג,16
14,170,ליגת ילדים ג' צפון,ילדים ג,14
14,172,ליגת ילדים ג' צפון 1,ילדים ג,10
14,694,ליגת ילדים ג' שומרון,ילדים ג,16
14,661,ליגת ילדים ג' שרון,ילדים ג,13
14,182,ליגה ילדים טרום א' דן,ילדים טרום א,14
14,710,ליגה ילדים טרום א' מפרץ 1,ילדים טרום א,14
14,631,ליגת ילדים טרום א' דן 1,ילדים טרום א,14
14,180,ליגת ילדים טרום א' מפרץ,ילדים טרום א,10
14,183,ליגת ילדים טרום א' מרכז,ילדים טרום א,14
14,660,ליגת ילדים טרום א' שומרון,ילדים טרום א,16
14,181,ליגת ילדים טרום א' שרון,ילדים טרום א,14
14,722,ליגת ילדים טרום ב דן 1,ילדים טרום ב,14
14,640,ליגת ילדים טרום ב' דן,ילדים טרום ב,14
14,659,ליגת ילדים טרום ב' מרכז,ילדים טרום ב,14
14,657,ליגת ילדים טרום ב' צפון,ילדים טרום ב,14
14,186,ליגת ילדים טרום ב' שרון,ילדים טרום ב,14
14,725,טורנירים טרום ילדים ג',ילדים טרום ג,30
14,105,ליגה ארצית לנוער דרום,נוער,14
14,104,ליגה ארצית לנוער צפון,נוער,14
14,102,ליגה לאומית לנוער צפון,נוער,14
14,103,ליגת לאומית לנוער דרום,נוער,14
14,666,ליגת נוער מרכז,נוער,15
14,110,ליגת נוער צפון,נוער,17
14,116,ליגת נוער צפון 1,נוער,10
14,115,ליגת נוער שפלה,נוער,13
14,101,ליגת על לנוער,נוער,16
14,121,ליגת נערים א' ארצית דרום,נערים א,14
14,120,ליגת נערים א' ארצית צפון,נערים א,14
14,646,ליגת נערים א' דן,נערים א,15
14,123,ליגת נערים א' מרכז,נערים א,15
14,122,ליגת נערים א' צפון,נערים א,17
14,693,ליגת נערים א' צפון 1,נערים א,16
14,664,ליגת נערים א' שרון,נערים א,16
14,719,ליגת נערים ב' ארצית דרום,נערים ב,14
14,720,ליגת נערים ב' ארצית צפון,נערים ב,14
14,135,ליגת נערים ב' דן,נערים ב,15
14,139,ליגת נערים ב' דרום,נערים ב,10
14,706,ליגת נערים ב' יזרעאל,נערים ב,16
14,131,ליגת נערים ב' מפרץ,נערים ב,10
14,137,ליגת נערים ב' מרכז,נערים ב,10
14,130,ליגת נערים ב' צפון,נערים ב,14
14,658,ליגת נערים ב' שפלה,נערים ב,17
14,134,ליגת נערים ב' שרון,נערים ב,15
14,147,ליגת נערים ג' דן,נערים ג,13
14,707,ליגת נערים ג' דן 1,נערים ג,15
14,141,ליגת נערים ג' מפרץ,נערים ג,10
14,146,ליגת נערים ג' מרכז,נערים ג,16
14,140,ליגת נערים ג' צפון,נערים ג,17
14,708,ליגת נערים ג' צפון 1,נערים ג,16
14,142,ליגת נערים ג' שומרון,נערים ג,16
14,663,ליגת נערים ג' שפלה,נערים ג,12
14,144,ליגת נערים ג' שרון,נערים ג,16
13,155,ליגת ילדים א' דן,ילדים א,14
13,695,ליגת ילדים א' דן 2,ילדים א,13
13,152,ליגת ילדים א' מפרץ,ילדים א,14
13,711,ליגת ילדים א' מפרץ 1,ילדים א,10
13,156,ליגת ילדים א' מרכז,ילדים א,14
13,150,ליגת ילדים א' צפון,ילדים א,14
13,712,ליגת ילדים א' צפון 1,ילדים א,10
13,153,ליגת ילדים א' שומרון,ילדים א,12
13,696,ליגת ילדים א' שומרון 2,ילדים א,9
13,158,ליגת ילדים א' שפלה,ילדים א,14
13,154,ליגת ילדים א' שרון,ילדים א,14
13,689,ליגת ילדים ב דן 2,ילדים ב,10
13,164,ליגת ילדים ב' דן,ילדים ב,14
13,161,ליגת ילדים ב' מפרץ,ילדים ב,16
13,697,ליגת ילדים ב' מפרץ 2,ילדים ב,14
13,165,ליגת ילדים ב' מרכז,ילדים ב,16
13,160,ליגת ילדים ב' צפון,ילדים ב,13
13,162,ליגת ילדים ב' שומרון,ילדים ב,10
13,698,ליגת ילדים ב' שומרון 2,ילדים ב,13
13,167,ליגת ילדים ב' שפלה,ילדים ב,13
13,163,ליגת ילדים ב' שרון,ילדים ב,15
13,649,ליגת ילדים ג מפרץ,ילדים ג,16
13,175,ליגת ילדים ג' דן,ילדים ג,15
13,713,ליגת ילדים ג' דן 1,ילדים ג,16
13,173,ליגת ילדים ג' מרכז,ילדים ג,13
13,170,ליגת ילדים ג' צפון,ילדים ג,16
13,172,ליגת ילדים ג' שומרון,ילדים ג,10
13,694,ליגת ילדים ג' שומרון 2,ילדים ג,14
13,661,ליגת ילדים ג' שרון,ילדים ג,15
13,182,ליגה ילדים טרום א' דן,ילדים טרום א,14
13,710,ליגה ילדים טרום א' מפרץ 1,ילדים טרום א,9
13,631,ליגת ילדים טרום א' דן 1,ילדים טרום א,10
13,180,ליגת ילדים טרום א' מפרץ,ילדים טרום א,10
13,183,ליגת ילדים טרום א' מרכז,ילדים טרום א,14
13,660,ליגת ילדים טרום א' שומרון,ילדים טרום א,14
13,181,ליגת ילדים טרום א' שרון,ילדים טרום א,14
13,640,ליגת ילדים טרום ב' דן,ילדים טרום ב,16
13,659,ליגת ילדים טרום ב' מרכז,ילדים טרום ב,12
13,657,ליגת ילדים טרום ב' שומרון,ילדים טרום ב,16
13,186,ליגת ילדים טרום ב' שרון,ילדים טרום ב,15
13,715,ליגה ילדים טרום ג' דרום,ילדים טרום ג,14
13,652,ליגת ילדים טרום ג' צפון,ילדים טרום ג,15
13,105,ליגה ארצית לנוער דרום,נוער,14
13,104,ליגה ארצית לנוער צפון,נוער,14
13,102,ליגה לאומית לנוער צפון,נוער,14
13,103,ליגת לאומית לנוער דרום,נוער,14
13,115,ליגת נוער דרום,נוער,9
13,666,ליגת נוער מרכז,נוער,13
13,110,ליגת נוער צפון,נוער,16
13,114,ליגת נוער שרון,נוער,13
13,101,ליגת על לנוער,נוער,16
13,703,ליגת נערים א' ארצית - אליפות,נערים א,6
13,121,ליגת נערים א' ארצית דרום,נערים א,14
13,120,ליגת נערים א' ארצית צפון,נערים א,14
13,123,ליגת נערים א' מרכז,נערים א,16
13,122,ליגת נערים א' צפון,נערים א,16
13,693,ליגת נערים א' צפון 1,נערים א,14
13,665,ליגת נערים א' שפלה,נערים א,13
13,664,ליגת נערים א' שרון,נערים א,14
13,135,ליגת נערים ב' דן,נערים ב,16
13,139,ליגת נערים ב' דרום,נערים ב,11
13,706,ליגת נערים ב' יזרעאל,נערים ב,16
13,131,ליגת נערים ב' מפרץ,נערים ב,14
13,137,ליגת נערים ב' מרכז,נערים ב,14
13,130,ליגת נערים ב' צפון,נערים ב,15
13,658,ליגת נערים ב' שפלה,נערים ב,14
13,134,ליגת נערים ב' שרון,נערים ב,14
13,147,ליגת נערים ג' דן,נערים ג,16
13,707,ליגת נערים ג' דן 1,נערים ג,16
13,141,ליגת נערים ג' מפרץ,נערים ג,14
13,146,ליגת נערים ג' מרכז,נערים ג,14
13,140,ליגת נערים ג' צפון,נערים ג,13
13,708,ליגת נערים ג' צפון 1,נערים ג,8
13,142,ליגת נערים ג' שומרון,נערים ג,12
13,709,ליגת נערים ג' שומרון 1,נערים ג,8
13,663,ליגת נערים ג' שפלה,נערים ג,15
13,144,ליגת נערים ג' שרון,נערים ג,14
12,155,ליגת ילדים א' דן,ילדים א,14
12,695,ליגת ילדים א' דן 2,ילדים א,13
12,662,ליגת ילדים א' יזרעאל,ילדים א,9
12,152,ליגת ילדים א' מפרץ,ילדים א,16
12,156,ליגת ילדים א' מרכז,ילדים א,14
12,150,ליגת ילדים א' צפון,ילדים א,10
12,153,ליגת ילדים א' שומרון,ילדים א,10
12,696,ליגת ילדים א' שומרון 2,ילדים א,8
12,158,ליגת ילדים א' שפלה,ילדים א,14
12,154,ליגת ילדים א' שרון,ילדים א,14
12,164,ליגת ילדים ב' דן,ילדים ב,14
12,161,ליגת ילדים ב' מפרץ,ילדים ב,10
12,697,ליגת ילדים ב' מפרץ 2,ילדים ב,10
12,165,ליגת ילדים ב' מרכז,ילדים ב,14
12,160,ליגת ילדים ב' צפון,ילדים ב,16
12,162,ליגת ילדים ב' שומרון,ילדים ב,10
12,698,ליגת ילדים ב' שומרון 2,ילדים ב,10
12,167,ליגת ילדים ב' שפלה,ילדים ב,14
12,163,ליגת ילדים ב' שרון,ילדים ב,14
12,704,טורניר בתי ספר ילדים ג',ילדים ג,9
12,694,ליגה לילדים ג' שומרון 2,ילדים ג,10
12,649,ליגת ילדים ג מפרץ,ילדים ג,15
12,175,ליגת ילדים ג' דן,ילדים ג,16
12,173,ליגת ילדים ג' מרכז,ילדים ג,14
12,170,ליגת ילדים ג' צפון,ילדים ג,16
12,172,ליגת ילדים ג' שומרון,ילדים ג,8
12,174,ליגת ילדים ג' שפלה,ילדים ג,9
12,661,ליגת ילדים ג' שרון,ילדים ג,13
12,182,ליגה ילדים טרום א' דן,ילדים טרום א,16
12,183,ליגת ילדים טרום א' מרכז,ילדים טרום א,14
12,180,ליגת ילדים טרום א' צפון,ילדים טרום א,16
12,660,ליגת ילדים טרום א' שומרון,ילדים טרום א,16
12,181,ליגת ילדים טרום א' שרון,ילדים טרום א,14
12,640,ליגת ילדים טרום ב' דן,ילדים טרום ב,14
12,659,ליגת ילדים טרום ב' מרכז,ילדים טרום ב,14
12,657,ליגת ילדים טרום ב' שומרון,ילדים טרום ב,10
12,186,ליגת ילדים טרום ב' שרון,ילדים טרום ב,16
12,652,ליגת ילדים טרום ג',ילדים טרום ג,22
12,103,ליגת נוער ארצית דרום,נוער,14
12,102,ליגת נוער ארצית צפון,נוער,14
12,115,ליגת נוער דרום,נוער,8
12,101,ליגת נוער לאומית,נוער,16
12,666,ליגת נוער מרכז,נוער,10
12,105,ליגת נוער עילית דרום,נוער,14
12,104,ליגת נוער עילית צפון,נוער,14
12,110,ליגת נוער צפון,נוער,16
12,114,ליגת נוער שרון,נוער,9
12,121,ליגת נערים א' ארצית דרום,נערים א,14
12,120,ליגת נערים א' ארצית צפון,נערים א,14
12,123,ליגת נערים א' מרכז,נערים א,14
12,122,ליגת נערים א' צפון,נערים א,13
12,693,ליגת נערים א' צפון 1,נערים א,9
12,665,ליגת נערים א' שפלה,נערים א,13
12,664,ליגת נערים א' שרון,נערים א,16
12,135,ליגת נערים ב' דן,נערים ב,14
12,139,ליגת נערים ב' דרום,נערים ב,10
12,131,ליגת נערים ב' מפרץ,נערים ב,16
12,137,ליגת נערים ב' מרכז,נערים ב,14
12,130,ליגת נערים ב' צפון,נערים ב,15
12,658,ליגת נערים ב' שפלה,נערים ב,9
12,134,ליגת נערים ב' שרון,נערים ב,14
12,147,ליגת נערים ג' דן,נערים ג,16
12,148,ליגת נערים ג' דרום,נערים ג,7
12,141,ליגת נערים ג' מפרץ,נערים ג,16
12,146,ליגת נערים ג' מרכז,נערים ג,14
12,140,ליגת נערים ג' צפון,נערים ג,16
12,142,ליגת נערים ג' שומרון,נערים ג,16
12,663,ליגת נערים ג' שפלה,נערים ג,14
12,144,ליגת נערים ג' שרון,נערים ג,14
